Workbook
Name 신청내역: '근태신청관리 다운로드'!$I:$Y
Name 신청월: '근태신청관리 다운로드'!$B:$B
Name 초과시간: '근태신청관리 다운로드'!$Y:$Y

Sheet 근태신청관리 다운로드
A1: No | B1: 연월구분 | C1: 기간 | D1: 신청일수 | E1: 신청시간 | F1: 사용일수 | G1: 부서 | H1: 직급 | I1: 이름 | J1: ERP사번 | K1: 근태항목 | L1: 근태구분 | M1: 상태 | N1: 종결일자 | O1: 신청내역 | P1: 문서번호 | Q1: 출장지 | R1: 교통수단 | S1: 출장목적 | T1: 비고 | U1: 초과근무일자 | V1: 주차 | W1: 시작시간 | X1: 종료시간 | Y1: 초과시간 | Z1: 초과근무 내역 | AB1: 이메일
A2: =SUBTOTAL(3,$I$2:I2)*1 -> 1 | B2: 25년 1월 | C2: 2025-01-30(08:55) ~ 2025-01-30(14:00) | D2: 1 | E2: 5.10시간 | F2: 0 | G2: AR3팀 | H2: Team Member | I2: 김기연 | J2: 24030401 | K2: 유연근무 | L2: 초과근무 | M2: 결재종결 | N2: 2025-01-31 | O2: 250128-30_AR2팀_김기연_유연근무신청서 (초과근무) | P2: 뉴로핏 주식회사-250131-AR2팀-0003 | T2: nnDet 실험 및 ISC e-poster 확인 | U2: =DATEVALUE(LEFT(C2,10)) -> 45687 | V2: =WEEKNUM(U2,21) -> 5 | W2: =MID(C2,12,5) -> 08:55 | X2: =MID(C2,32,5) -> 14:00 | Y2: =X2-W2 -> 0.21180556 | Z2: =TEXT(U2, "YYYY-MM-DD aaa")&" ("&TEXT(W2, "hh:mm")&"~"&TEXT(X2, "hh:mm")&") : "&IF(MINUTE(Y2)=0, TEXT(Y2, "h시간"), TEXT(Y2, "h시간 m분")) -> 2025-01-30 목 (08:55~14:00) : 5시간 5분 | AB2: =_xlfn.XLOOKUP(I2, 기초데이터!$C$2:$C$305, 기초데이터!$U$2:$U$305) -> kgy@neurophet.com
A3: =SUBTOTAL(3,$I$2:I3)*1 -> 2 | B3: 25년 1월 | C3: 2025-01-30(15:36) ~ 2025-01-30(17:55) | D3: 1 | E3: 2.30시간 | F3: 0 | G3: AR1팀 | H3: Team Member | I3: 조상영 | J3: 23022701 | K3: 유연근무 | L3: 초과근무 | M3: 결재종결 | N3: 2025-02-03 | O3: 20250126, 250128, 250129, 250130 AR1팀 조상영 유연근무 신청서 (초과근무) | P3: 뉴로핏 주식회사-250203-AR1팀-0002 | T3: AQUA AD 3.0 통합 엔진 개발 | U3: =DATEVALUE(LEFT(C3,10)) -> 45687 | V3: =WEEKNUM(U3,21) -> 5 | W3: =MID(C3,12,5) -> 15:36 | X3: =MID(C3,32,5) -> 17:55 | Y3: =X3-W3 -> 0.096527778 | Z3: =TEXT(U3, "YYYY-MM-DD aaa")&" ("&TEXT(W3, "hh:mm")&"~"&TEXT(X3, "hh:mm")&") : "&IF(MINUTE(Y3)=0, TEXT(Y3, "h시간"), TEXT(Y3, "h시간 m분")) -> 2025-01-30 목 (15:36~17:55) : 2시간 19분 | AB3: =_xlfn.XLOOKUP(I3, 기초데이터!$C$2:$C$305, 기초데이터!$U$2:$U$305) -> jsy@neurophet.com
A4: =SUBTOTAL(3,$I$2:I4)*1 -> 3 | B4: 25년 1월 | C4: 2025-01-29(08:30) ~ 2025-01-29(11:10) | D4: 1 | E4: 2.70시간 | F4: 0 | G4: AR3팀 | H4: Team Member | I4: 김기연 | J4: 24030401 | K4: 유연근무 | L4: 초과근무 | M4: 결재종결 | N4: 2025-01-31 | O4: 250128-30_AR2팀_김기연_유연근무신청서 (초과근무) | P4: 뉴로핏 주식회사-250131-AR2팀-0003 | T4: nnUnet 추가실험 output delivery & nnDet 실험 | U4: =DATEVALUE(LEFT(C4,10)) -> 45686 | V4: =WEEKNUM(U4,21) -> 5 | W4: =MID(C4,12,5) -> 08:30 | X4: =MID(C4,32,5) -> 11:10 | Y4: =X4-W4 -> 0.11111111 | Z4: =TEXT(U4, "YYYY-MM-DD aaa")&" ("&TEXT(W4, "hh:mm")&"~"&TEXT(X4, "hh:mm")&") : "&IF(MINUTE(Y4)=0, TEXT(Y4, "h시간"), TEXT(Y4, "h시간 m분")) -> 2025-01-29 수 (08:30~11:10) : 2시간 40분 | AB4: =_xlfn.XLOOKUP(I4, 기초데이터!$C$2:$C$305, 기초데이터!$U$2:$U$305) -> kgy@neurophet.com
A5: =SUBTOTAL(3,$I$2:I5)*1 -> 4 | B5: 25년 1월 | C5: 2025-01-29(15:53) ~ 2025-01-29(19:53) | D5: 1 | E5: 4.00시간 | F5: 0 | G5: AR1팀 | H5: Team Member | I5: 조상영 | J5: 23022701 | K5: 유연근무 | L5: 초과근무 | M5: 결재종결 | N5: 2025-02-03 | O5: 20250126, 250128, 250129, 250130 AR1팀 조상영 유연근무 신청서 (초과근무) | P5: 뉴로핏 주식회사-250203-AR1팀-0002 | T5: AQUA AD 3.0 통합 엔진 개발 | U5: =DATEVALUE(LEFT(C5,10)) -> 45686 | V5: =WEEKNUM(U5,21) -> 5 | W5: =MID(C5,12,5) -> 15:53 | X5: =MID(C5,32,5) -> 19:53 | Y5: =X5-W5 -> 0.16666667 | Z5: =TEXT(U5, "YYYY-MM-DD aaa")&" ("&TEXT(W5, "hh:mm")&"~"&TEXT(X5, "hh:mm")&") : "&IF(MINUTE(Y5)=0, TEXT(Y5, "h시간"), TEXT(Y5, "h시간 m분")) -> 2025-01-29 수 (15:53~19:53) : 4시간 | AB5: =_xlfn.XLOOKUP(I5, 기초데이터!$C$2:$C$305, 기초데이터!$U$2:$U$305) -> jsy@neurophet.com
A6: =SUBTOTAL(3,$I$2:I6)*1 -> 5 | B6: 25년 1월 | C6: 2025-01-29(21:30) ~ 2025-01-29(23:59) | D6: 1 | E6: 2.50시간 | F6: 0 | G6: AR3팀 | H6: Team Lead | I6: 양현식 | J6: 22030204 | K6: 유연근무 | L6: 초과근무 | M6: 결재종결 | N6: 2025-02-03 | O6: 20250127,28,29_AR3팀_양현식_유연근무신청서(초과근무) | P6: 뉴로핏 주식회사-250203-AR3팀-0004 | T6: coordconv 적용하기, rgs with seg 아이디어 적용하기 | U6: =DATEVALUE(LEFT(C6,10)) -> 45686 | V6: =WEEKNUM(U6,21) -> 5 | W6: =MID(C6,12,5) -> 21:30 | X6: =MID(C6,32,5) -> 23:59 | Y6: =X6-W6 -> 0.10347222 | Z6: =TEXT(U6, "YYYY-MM-DD aaa")&" ("&TEXT(W6, "hh:mm")&"~"&TEXT(X6, "hh:mm")&") : "&IF(MINUTE(Y6)=0, TEXT(Y6, "h시간"), TEXT(Y6, "h시간 m분")) -> 2025-01-29 수 (21:30~23:59) : 2시간 29분 | AB6: =_xlfn.XLOOKUP(I6, 기초데이터!$C$2:$C$305, 기초데이터!$U$2:$U$305) -> hsyang@neurophet.com
A7: =SUBTOTAL(3,$I$2:I7)*1 -> 6 | B7: 25년 1월 | C7: 2025-01-29(21:00) ~ 2025-01-29(23:59) | D7: 1 | E7: 3.00시간 | F7: 0 | G7: AR3팀 | H7: Team Member | I7: 김도연A | J7: 23091101 | K7: 유연근무 | L7: 초과근무 | M7: 결재종결 | N7: 2025-02-03 | O7: 20250203_AR3팀_김도연_유연근무신청서(초과근무) | P7: 뉴로핏 주식회사-250203-AR3팀-0003 | T7: - 조건 변경 후 결과 확인, loss 변경 후 실험 | U7: =DATEVALUE(LEFT(C7,10)) -> 45686 | V7: =WEEKNUM(U7,21) -> 5 | W7: =MID(C7,12,5) -> 21:00 | X7: =MID(C7,32,5) -> 23:59 | Y7: =X7-W7 -> 0.12430556 | Z7: =TEXT(U7, "YYYY-MM-DD aaa")&" ("&TEXT(W7, "hh:mm")&"~"&TEXT(X7, "hh:mm")&") : "&IF(MINUTE(Y7)=0, TEXT(Y7, "h시간"), TEXT(Y7, "h시간 m분")) -> 2025-01-29 수 (21:00~23:59) : 2시간 59분 | AB7: =_xlfn.XLOOKUP(I7, 기초데이터!$C$2:$C$305, 기초데이터!$U$2:$U$305) -> doyeon@neurophet.com
A8: =SUBTOTAL(3,$I$2:I8)*1 -> 7 | B8: 25년 1월 | C8: 2025-01-28(09:40) ~ 2025-01-28(12:50) | D8: 1 | E8: 3.20시간 | F8: 0 | G8: AR3팀 | H8: Team Member | I8: 김기연 | J8: 24030401 | K8: 유연근무 | L8: 초과근무 | M8: 결재종결 | N8: 2025-01-31 | O8: 250128-30_AR2팀_김기연_유연근무신청서 (초과근무) | P8: 뉴로핏 주식회사-250131-AR2팀-0003 | T8: nnDet 실험 & nnUnet 추가 실험 진행 | U8: =DATEVALUE(LEFT(C8,10)) -> 45685 | V8: =WEEKNUM(U8,21) -> 5 | W8: =MID(C8,12,5) -> 09:40 | X8: =MID(C8,32,5) -> 12:50 | Y8: =X8-W8 -> 0.13194444 | Z8: =TEXT(U8, "YYYY-MM-DD aaa")&" ("&TEXT(W8, "hh:mm")&"~"&TEXT(X8, "hh:mm")&") : "&IF(MINUTE(Y8)=0, TEXT(Y8, "h시간"), TEXT(Y8, "h시간 m분")) -> 2025-01-28 화 (09:40~12:50) : 3시간 10분 | AB8: =_xlfn.XLOOKUP(I8, 기초데이터!$C$2:$C$305, 기초데이터!$U$2:$U$305) -> kgy@neurophet.com
A9: =SUBTOTAL(3,$I$2:I9)*1 -> 8 | B9: 25년 1월 | C9: 2025-01-28(19:12) ~ 2025-01-28(22:06) | D9: 1 | E9: 2.90시간 | F9: 0 | G9: AR1팀 | H9: Team Member | I9: 조상영 | J9: 23022701 | K9: 유연근무 | L9: 초과근무 | M9: 결재종결 | N9: 2025-02-03 | O9: 20250126, 250128, 250129, 250130 AR1팀 조상영 유연근무 신청서 (초과근무) | P9: 뉴로핏 주식회사-250203-AR1팀-0002 | T9: AQUA AD 3.0 통합 엔진 개발 | U9: =DATEVALUE(LEFT(C9,10)) -> 45685 | V9: =WEEKNUM(U9,21) -> 5 | W9: =MID(C9,12,5) -> 19:12 | X9: =MID(C9,32,5) -> 22:06 | Y9: =X9-W9 -> 0.12083333 | Z9: =TEXT(U9, "YYYY-MM-DD aaa")&" ("&TEXT(W9, "hh:mm")&"~"&TEXT(X9, "hh:mm")&") : "&IF(MINUTE(Y9)=0, TEXT(Y9, "h시간"), TEXT(Y9, "h시간 m분")) -> 2025-01-28 화 (19:12~22:06) : 2시간 54분 | AB9: =_xlfn.XLOOKUP(I9, 기초데이터!$C$2:$C$305, 기초데이터!$U$2:$U$305) -> jsy@neurophet.com
A10: =SUBTOTAL(3,$I$2:I10)*1 -> 9 | B10: 25년 1월 | C10: 2025-01-28(10:50) ~ 2025-01-28(14:50) | D10: 1 | E10: 4.00시간 | F10: 0 | G10: AR3팀 | H10: Team Lead | I10: 양현식 | J10: 22030204 | K10: 유연근무 | L10: 초과근무 | M10: 결재종결 | N10: 2025-02-03 | O10: 20250127,28,29_AR3팀_양현식_유연근무신청서(초과근무) | P10: 뉴로핏 주식회사-250203-AR3팀-0004 | T10: center of mass를 loss에 적용하여보기 | U10: =DATEVALUE(LEFT(C10,10)) -> 45685 | V10: =WEEKNUM(U10,21) -> 5 | W10: =MID(C10,12,5) -> 10:50 | X10: =MID(C10,32,5) -> 14:50 | Y10: =X10-W10 -> 0.16666667 | Z10: =TEXT(U10, "YYYY-MM-DD aaa")&" ("&TEXT(W10, "hh:mm")&"~"&TEXT(X10, "hh:mm")&") : "&IF(MINUTE(Y10)=0, TEXT(Y10, "h시간"), TEXT(Y10, "h시간 m분")) -> 2025-01-28 화 (10:50~14:50) : 4시간 | AB10: =_xlfn.XLOOKUP(I10, 기초데이터!$C$2:$C$305, 기초데이터!$U$2:$U$305) -> hsyang@neurophet.com
A11: =SUBTOTAL(3,$I$2:I11)*1 -> 10 | B11: 25년 1월 | C11: 2025-01-28(11:40) ~ 2025-01-28(16:40) | D11: 1 | E11: 5.00시간 | F11: 0 | G11: AR3팀 | H11: Team Member | I11: 김도연A | J11: 23091101 | K11: 유연근무 | L11: 초과근무 | M11: 결재종결 | N11: 2025-02-03 | O11: 20250203_AR3팀_김도연_유연근무신청서(초과근무) | P11: 뉴로핏 주식회사-250203-AR3팀-0003 | T11: - 결과 추가 분석 | U11: =DATEVALUE(LEFT(C11,10)) -> 45685 | V11: =WEEKNUM(U11,21) -> 5 | W11: =MID(C11,12,5) -> 11:40 | X11: =MID(C11,32,5) -> 16:40 | Y11: =X11-W11 -> 0.20833333 | Z11: =TEXT(U11, "YYYY-MM-DD aaa")&" ("&TEXT(W11, "hh:mm")&"~"&TEXT(X11, "hh:mm")&") : "&IF(MINUTE(Y11)=0, TEXT(Y11, "h시간"), TEXT(Y11, "h시간 m분")) -> 2025-01-28 화 (11:40~16:40) : 5시간 | AB11: =_xlfn.XLOOKUP(I11, 기초데이터!$C$2:$C$305, 기초데이터!$U$2:$U$305) -> doyeon@neurophet.com
A12: =SUBTOTAL(3,$I$2:I12)*1 -> 11 | B12: 25년 1월 | C12: 2025-01-27(10:06) ~ 2025-01-27(15:47) | D12: 1 | E12: 5.70시간 | F12: 0 | G12: AR1팀 | H12: Team Member | I12: 김다현 | J12: 24060302 | K12: 유연근무 | L12: 초과근무 | M12: 결재종결 | N12: 2025-02-04 | O12: 250125,250127_AR1팀(김다현)_유연근무(초과근무) | P12: 뉴로핏 주식회사-250203-AR1팀-0003 | T12: SEG-03 fine-tuning_v3 실험 결과 확인 및 정리, SWI, GRE 데이터 확인 | U12: =DATEVALUE(LEFT(C12,10)) -> 45684 | V12: =WEEKNUM(U12,21) -> 5 | W12: =MID(C12,12,5) -> 10:06 | X12: =MID(C12,32,5) -> 15:47 | Y12: =X12-W12 -> 0.23680556 | Z12: =TEXT(U12, "YYYY-MM-DD aaa")&" ("&TEXT(W12, "hh:mm")&"~"&TEXT(X12, "hh:mm")&") : "&IF(MINUTE(Y12)=0, TEXT(Y12, "h시간"), TEXT(Y12, "h시간 m분")) -> 2025-01-27 월 (10:06~15:47) : 5시간 41분 | AB12: =_xlfn.XLOOKUP(I12, 기초데이터!$C$2:$C$305, 기초데이터!$U$2:$U$305) -> dahyun@neurophet.com
A13: =SUBTOTAL(3,$I$2:I13)*1 -> 12 | B13: 25년 1월 | C13: 2025-01-27(14:00) ~ 2025-01-27(16:20) | D13: 1 | E13: 2.30시간 | F13: 0 | G13: AR3팀 | H13: Team Lead | I13: 양현식 | J13: 22030204 | K13: 유연근무 | L13: 초과근무 | M13: 결재종결 | N13: 2025-02-03 | O13: 20250127,28,29_AR3팀_양현식_유연근무신청서(초과근무) | P13: 뉴로핏 주식회사-250203-AR3팀-0004 | T13: qc 데이터셋 적용 및 crop4x 실험 | U13: =DATEVALUE(LEFT(C13,10)) -> 45684 | V13: =WEEKNUM(U13,21) -> 5 | W13: =MID(C13,12,5) -> 14:00 | X13: =MID(C13,32,5) -> 16:20 | Y13: =X13-W13 -> 0.097222222 | Z13: =TEXT(U13, "YYYY-MM-DD aaa")&" ("&TEXT(W13, "hh:mm")&"~"&TEXT(X13, "hh:mm")&") : "&IF(MINUTE(Y13)=0, TEXT(Y13, "h시간"), TEXT(Y13, "h시간 m분")) -> 2025-01-27 월 (14:00~16:20) : 2시간 20분 | AB13: =_xlfn.XLOOKUP(I13, 기초데이터!$C$2:$C$305, 기초데이터!$U$2:$U$305) -> hsyang@neurophet.com
... A51: =SUBTOTAL(3,$I$2:I51)*1 -> 50 | B51: 25년 1월 | C51: 2025-01-07(16:00) ~ 2025-01-07(20:00) | D51: 1 | E51: 4.00시간 | F51: 0 | G51: Platform팀 | H51: Team Member | I51: 성형모 | J51: 22022101 | K51: 유연근무 | L51: 초과근무 | M51: 결재종결 | N51: 2025-01-21 | O51: 20250120_유연근무신청서_성형모 | P51: 뉴로핏 주식회사-250120-Platform팀-0001 | T51: CTP MV 버그 처리 및 PET MV 버그 처리 건이 ASAP으로 진행되어야 하는 관계로 탄력 근무를 신청 | U51: =DATEVALUE(LEFT(C51,10)) -> 45664 | V51: =WEEKNUM(U51,21) -> 2 | W51: =MID(C51,12,5) -> 16:00 | X51: =MID(C51,32,5) -> 20:00 | Y51: =X51-W51 -> 0.16666667 | Z51: =TEXT(U51, "YYYY-MM-DD aaa")&" ("&TEXT(W51, "hh:mm")&"~"&TEXT(X51, "hh:mm")&") : "&IF(MINUTE(Y51)=0, TEXT(Y51, "h시간"), TEXT(Y51, "h시간 m분")) -> 2025-01-07 화 (16:00~20:00) : 4시간 | AB51: =_xlfn.XLOOKUP(I51, 기초데이터!$C$2:$C$305, 기초데이터!$U$2:$U$305) -> hmseong@neurophet.com
A52: =SUBTOTAL(3,$I$2:I52)*1 -> 51 | B52: 25년 1월 | C52: 2025-01-06(17:30) ~ 2025-01-06(20:00) | D52: 1 | E52: 2.50시간 | F52: 0 | G52: 뇌자극팀 | H52: Team Member | I52: 홍락균 | J52: 24022001 | K52: 유연근무 | L52: 초과근무 | M52: 결재종결 | N52: 2025-01-07 | O52: 250106_뇌자극팀_홍락균_초과근무신청서 | P52: 뉴로핏 주식회사-250107-뇌자극팀-0001 | U52: =DATEVALUE(LEFT(C52,10)) -> 45663 | V52: =WEEKNUM(U52,21) -> 2 | W52: =MID(C52,12,5) -> 17:30 | X52: =MID(C52,32,5) -> 20:00 | Y52: =X52-W52 -> 0.10416667 | Z52: =TEXT(U52, "YYYY-MM-DD aaa")&" ("&TEXT(W52, "hh:mm")&"~"&TEXT(X52, "hh:mm")&") : "&IF(MINUTE(Y52)=0, TEXT(Y52, "h시간"), TEXT(Y52, "h시간 m분")) -> 2025-01-06 월 (17:30~20:00) : 2시간 30분 | AB52: =_xlfn.XLOOKUP(I52, 기초데이터!$C$2:$C$305, 기초데이터!$U$2:$U$305) -> rkhong@neurophet.com
A53: =SUBTOTAL(3,$I$2:I53)*1 -> 52 | B53: 25년 1월 | C53: 2025-01-06(18:11) ~ 2025-01-06(20:19) | D53: 1 | E53: 2.10시간 | F53: 0 | G53: 임상팀 | H53: Team Member | I53: 장한나 | J53: 21122001 | K53: 유연근무 | L53: 초과근무 | M53: 결재종결 | N53: 2025-01-10 | O53: 20250106_임상팀 장한나_유연근무 신청의 건 | P53: 뉴로핏 주식회사-250110-임상팀-0004 | T53: tDCS 정기미팅 및 S02 CRF 작성 | U53: =DATEVALUE(LEFT(C53,10)) -> 45663 | V53: =WEEKNUM(U53,21) -> 2 | W53: =MID(C53,12,5) -> 18:11 | X53: =MID(C53,32,5) -> 20:19 | Y53: =X53-W53 -> 0.088888889 | Z53: =TEXT(U53, "YYYY-MM-DD aaa")&" ("&TEXT(W53, "hh:mm")&"~"&TEXT(X53, "hh:mm")&") : "&IF(MINUTE(Y53)=0, TEXT(Y53, "h시간"), TEXT(Y53, "h시간 m분")) -> 2025-01-06 월 (18:11~20:19) : 2시간 8분 | AB53: =_xlfn.XLOOKUP(I53, 기초데이터!$C$2:$C$305, 기초데이터!$U$2:$U$305) -> hnjang@neurophet.com
A54: =SUBTOTAL(3,$I$2:I54)*1 -> 53 | B54: 25년 1월 | C54: 2025-01-06(17:20) ~ 2025-01-06(20:19) | D54: 1 | E54: 3.00시간 | F54: 0 | G54: 임상팀 | H54: Team Lead | I54: 송단비 | J54: 20070103 | K54: 유연근무 | L54: 초과근무 | M54: 결재종결 | N54: 2025-01-13 | O54: 250106,11_송단비_유연근무 신청의 건 (초과근로) | P54: 뉴로핏 주식회사-250113-임상팀-0002 | T54: C03 / C12 / tDCS 연구자미팅 | U54: =DATEVALUE(LEFT(C54,10)) -> 45663 | V54: =WEEKNUM(U54,21) -> 2 | W54: =MID(C54,12,5) -> 17:20 | X54: =MID(C54,32,5) -> 20:19 | Y54: =X54-W54 -> 0.12430556 | Z54: =TEXT(U54, "YYYY-MM-DD aaa")&" ("&TEXT(W54, "hh:mm")&"~"&TEXT(X54, "hh:mm")&") : "&IF(MINUTE(Y54)=0, TEXT(Y54, "h시간"), TEXT(Y54, "h시간 m분")) -> 2025-01-06 월 (17:20~20:19) : 2시간 59분 | AB54: =_xlfn.XLOOKUP(I54, 기초데이터!$C$2:$C$305, 기초데이터!$U$2:$U$305) -> dbsong@neurophet.com
A55: =SUBTOTAL(3,$I$2:I55)*1 -> 54 | B55: 25년 1월 | C55: 2025-01-06(18:15) ~ 2025-01-06(20:19) | D55: 1 | E55: 2.10시간 | F55: 0 | G55: 임상팀 | H55: Team Member | I55: 이승은 | J55: 21031501 | K55: 유연근무 | L55: 초과근무 | M55: 결재종결 | N55: 2025-01-13 | O55: 250106_임상팀 이승은_유연근무 신청의 건 | P55: 뉴로핏 주식회사-250113-임상팀-0006 | T55: tDCS 연구자 정기미팅, 식약처 상담 내용 정리 | U55: =DATEVALUE(LEFT(C55,10)) -> 45663 | V55: =WEEKNUM(U55,21) -> 2 | W55: =MID(C55,12,5) -> 18:15 | X55: =MID(C55,32,5) -> 20:19 | Y55: =X55-W55 -> 0.086111111 | Z55: =TEXT(U55, "YYYY-MM-DD aaa")&" ("&TEXT(W55, "hh:mm")&"~"&TEXT(X55, "hh:mm")&") : "&IF(MINUTE(Y55)=0, TEXT(Y55, "h시간"), TEXT(Y55, "h시간 m분")) -> 2025-01-06 월 (18:15~20:19) : 2시간 4분 | AB55: =_xlfn.XLOOKUP(I55, 기초데이터!$C$2:$C$305, 기초데이터!$U$2:$U$305) -> selee@neurophet.com
A56: =SUBTOTAL(3,$I$2:I56)*1 -> 55 | B56: 25년 1월 | C56: 2025-01-06(17:06) ~ 2025-01-06(19:11) | D56: 1 | E56: 2.10시간 | F56: 0 | G56: AR3팀 | H56: Team Member | I56: 김도연A | J56: 23091101 | K56: 유연근무 | L56: 초과근무 | M56: 결재종결 | N56: 2025-01-14 | O56: 250114_AR2팀_김도연_초과근무 신청 | P56: 뉴로핏 주식회사-250114-AR2팀-0001 | T56: box regression 조건 변경 후 실험 | U56: =DATEVALUE(LEFT(C56,10)) -> 45663 | V56: =WEEKNUM(U56,21) -> 2 | W56: =MID(C56,12,5) -> 17:06 | X56: =MID(C56,32,5) -> 19:11 | Y56: =X56-W56 -> 0.086805556 | Z56: =TEXT(U56, "YYYY-MM-DD aaa")&" ("&TEXT(W56, "hh:mm")&"~"&TEXT(X56, "hh:mm")&") : "&IF(MINUTE(Y56)=0, TEXT(Y56, "h시간"), TEXT(Y56, "h시간 m분")) -> 2025-01-06 월 (17:06~19:11) : 2시간 5분 | AB56: =_xlfn.XLOOKUP(I56, 기초데이터!$C$2:$C$305, 기초데이터!$U$2:$U$305) -> doyeon@neurophet.com
A57: =SUBTOTAL(3,$I$2:I57)*1 -> 56 | B57: 25년 1월 | C57: 2025-01-03(18:39) ~ 2025-01-03(20:39) | D57: 1 | E57: 2.00시간 | F57: 0 | G57: PET팀 | H57: Team Member | I57: 김상덕 | J57: 22110701 | K57: 유연근무 | L57: 초과근무 | M57: 결재종결 | N57: 2025-01-06 | O57: 20250103_김상덕_초과근무 | P57: 뉴로핏 주식회사-250103-PET팀-0002 | T57: ScalePet 2.1 MV2차 를 위한 insaller build 및 테스트 | U57: =DATEVALUE(LEFT(C57,10)) -> 45660 | V57: =WEEKNUM(U57,21) -> 1 | W57: =MID(C57,12,5) -> 18:39 | X57: =MID(C57,32,5) -> 20:39 | Y57: =X57-W57 -> 0.083333333 | Z57: =TEXT(U57, "YYYY-MM-DD aaa")&" ("&TEXT(W57, "hh:mm")&"~"&TEXT(X57, "hh:mm")&") : "&IF(MINUTE(Y57)=0, TEXT(Y57, "h시간"), TEXT(Y57, "h시간 m분")) -> 2025-01-03 금 (18:39~20:39) : 2시간 | AB57: =_xlfn.XLOOKUP(I57, 기초데이터!$C$2:$C$305, 기초데이터!$U$2:$U$305) -> sdkim@neurophet.com
A58: =SUBTOTAL(3,$I$2:I58)*1 -> 57 | B58: 25년 1월 | C58: 2025-01-03(16:00) ~ 2025-01-03(18:30) | D58: 1 | E58: 2.50시간 | F58: 0 | G58: SV팀 | H58: Team Lead | I58: 김가희 | J58: 22011702 | K58: 유연근무 | L58: 초과근무 | M58: 결재종결 | N58: 2025-01-06 | O58: 250103_SV팀(김가희)_유연근무 신청 | P58: 뉴로핏 주식회사-250103-SV팀-0002 | T58: SCALE CTP 1.0 MV 2차 검증 | U58: =DATEVALUE(LEFT(C58,10)) -> 45660 | V58: =WEEKNUM(U58,21) -> 1 | W58: =MID(C58,12,5) -> 16:00 | X58: =MID(C58,32,5) -> 18:30 | Y58: =X58-W58 -> 0.10416667 | Z58: =TEXT(U58, "YYYY-MM-DD aaa")&" ("&TEXT(W58, "hh:mm")&"~"&TEXT(X58, "hh:mm")&") : "&IF(MINUTE(Y58)=0, TEXT(Y58, "h시간"), TEXT(Y58, "h시간 m분")) -> 2025-01-03 금 (16:00~18:30) : 2시간 30분 | AB58: =_xlfn.XLOOKUP(I58, 기초데이터!$C$2:$C$305, 기초데이터!$U$2:$U$305) -> kahee@neurophet.com
A59: =SUBTOTAL(3,$I$2:I59)*1 -> 58 | B59: 25년 1월 | C59: 2025-01-02(16:30) ~ 2025-01-02(19:30) | D59: 1 | E59: 3.00시간 | F59: 0 | G59: QA팀 | H59: Team Lead | I59: 조용우 | J59: 22041101 | K59: 유연근무 | L59: 초과근무 | M59: 결재종결 | N59: 2025-01-02 | O59: [20250102]QA팀 조용우 초과 근무 신청 | P59: 뉴로핏 주식회사-250102-QA-0001 | T59: MDSAP 후속 조치 및 디지털의료제품법 적용 준 | U59: =DATEVALUE(LEFT(C59,10)) -> 45659 | V59: =WEEKNUM(U59,21) -> 1 | W59: =MID(C59,12,5) -> 16:30 | X59: =MID(C59,32,5) -> 19:30 | Y59: =X59-W59 -> 0.125 | Z59: =TEXT(U59, "YYYY-MM-DD aaa")&" ("&TEXT(W59, "hh:mm")&"~"&TEXT(X59, "hh:mm")&") : "&IF(MINUTE(Y59)=0, TEXT(Y59, "h시간"), TEXT(Y59, "h시간 m분")) -> 2025-01-02 목 (16:30~19:30) : 3시간 | AB59: =_xlfn.XLOOKUP(I59, 기초데이터!$C$2:$C$305, 기초데이터!$U$2:$U$305) -> ywcho@neurophet.com
A60: =SUBTOTAL(3,$I$2:I60)*1 -> 59 | B60: 25년 1월 | C60: 2025-01-02(17:15) ~ 2025-01-02(20:10) | D60: 1 | E60: 2.90시간 | F60: 0 | G60: Vascular팀 | H60: Team Member | I60: 조은혜 | J60: 22040101 | K60: 유연근무 | L60: 초과근무 | M60: 결재종결 | N60: 2025-01-06 | O60: 250103_조은혜_유연근무신청서 | P60: 뉴로핏 주식회사-250103-Vascular팀-0002 | T60: SCALE CTP vulnerability issue fix | U60: =DATEVALUE(LEFT(C60,10)) -> 45659 | V60: =WEEKNUM(U60,21) -> 1 | W60: =MID(C60,12,5) -> 17:15 | X60: =MID(C60,32,5) -> 20:10 | Y60: =X60-W60 -> 0.12152778 | Z60: =TEXT(U60, "YYYY-MM-DD aaa")&" ("&TEXT(W60, "hh:mm")&"~"&TEXT(X60, "hh:mm")&") : "&IF(MINUTE(Y60)=0, TEXT(Y60, "h시간"), TEXT(Y60, "h시간 m분")) -> 2025-01-02 목 (17:15~20:10) : 2시간 55분 | AB60: =_xlfn.XLOOKUP(I60, 기초데이터!$C$2:$C$305, 기초데이터!$U$2:$U$305) -> eunhyecho@neurophet.com
A61: =SUBTOTAL(3,$I$2:I61)*1 -> 60 | B61: 25년 1월 | C61: 2025-01-02(17:34) ~ 2025-01-02(19:08) | D61: 1 | E61: 1.60시간 | F61: 0 | G61: 마케팅팀 | H61: Team Member | I61: 서충원 | J61: 24011503 | K61: 유연근무 | L61: 초과근무 | M61: 결재종결 | N61: 2025-01-03 | O61: 250102_mkt(서충원)_초과근무내역 | P61: 뉴로핏 주식회사-250103-마케팅-0001 | T61: MS 부스 디자인 작업 | U61: =DATEVALUE(LEFT(C61,10)) -> 45659 | V61: =WEEKNUM(U61,21) -> 1 | W61: =MID(C61,12,5) -> 17:34 | X61: =MID(C61,32,5) -> 19:08 | Y61: =X61-W61 -> 0.065277778 | Z61: =TEXT(U61, "YYYY-MM-DD aaa")&" ("&TEXT(W61, "hh:mm")&"~"&TEXT(X61, "hh:mm")&") : "&IF(MINUTE(Y61)=0, TEXT(Y61, "h시간"), TEXT(Y61, "h시간 m분")) -> 2025-01-02 목 (17:34~19:08) : 1시간 34분 | AB61: =_xlfn.XLOOKUP(I61, 기초데이터!$C$2:$C$305, 기초데이터!$U$2:$U$305) -> cwseo@neurophet.com
A62: =SUBTOTAL(3,$I$2:I62)*1 -> 61 | B62: 25년 1월 | C62: 2025-01-02(19:00) ~ 2025-01-02(22:15) | D62: 1 | E62: 3.30시간 | F62: 0 | G62: NR1팀 | H62: Team Member | I62: 박지은 | J62: 24031101 | K62: 유연근무 | L62: 초과근무 | M62: 결재종결 | N62: 2025-01-08 | O62: 250102_NR1팀_박지은_유연근무신청(초과근무) | P62: 뉴로핏 주식회사-250108-NR1팀-0001 | T62: 질병청 DTI preprocessing | U62: =DATEVALUE(LEFT(C62,10)) -> 45659 | V62: =WEEKNUM(U62,21) -> 1 | W62: =MID(C62,12,5) -> 19:00 | X62: =MID(C62,32,5) -> 22:15 | Y62: =X62-W62 -> 0.13541667 | Z62: =TEXT(U62, "YYYY-MM-DD aaa")&" ("&TEXT(W62, "hh:mm")&"~"&TEXT(X62, "hh:mm")&") : "&IF(MINUTE(Y62)=0, TEXT(Y62, "h시간"), TEXT(Y62, "h시간 m분")) -> 2025-01-02 목 (19:00~22:15) : 3시간 15분 | AB62: =_xlfn.XLOOKUP(I62, 기초데이터!$C$2:$C$305, 기초데이터!$U$2:$U$305) -> jieunpark@neurophet.com
A63: =SUBTOTAL(3,$I$2:I63)*1 -> 62 | B63: 25년 2월 | C63: 2025-01-13(17:32) ~ 2025-01-13(20:28) | D63: 1 | E63: 2.90시간 | F63: 0 | G63: IR팀 | H63: Team Member | I63: 유용성 | J63: 24101401 | K63: 유연근무 | L63: 초과근무 | M63: 결재종결 | N63: 2025-02-14 | O63: 202501_유용성(IR팀)_초과 근무 신처 | P63: 뉴로핏 주식회사-250214-IR팀-0003 | T63: 우선주 전환을 위한 예탁원 사선짐사 자료 작업 | U63: =DATEVALUE(LEFT(C63,10)) -> 45670 | V63: =WEEKNUM(U63,21) -> 3 | W63: =MID(C63,12,5) -> 17:32 | X63: =MID(C63,32,5) -> 20:28 | Y63: =X63-W63 -> 0.12222222 | Z63: =TEXT(U63, "YYYY-MM-DD aaa")&" ("&TEXT(W63, "hh:mm")&"~"&TEXT(X63, "hh:mm")&") : "&IF(MINUTE(Y63)=0, TEXT(Y63, "h시간"), TEXT(Y63, "h시간 m분")) -> 2025-01-13 월 (17:32~20:28) : 2시간 56분 | AB63: =_xlfn.XLOOKUP(I63, 기초데이터!$C$2:$C$305, 기초데이터!$U$2:$U$305) -> noah@neurophet.com
A64: =SUBTOTAL(3,$I$2:I64)*1 -> 63 | B64: 25년 2월 | C64: 2025-01-15(17:34) ~ 2025-01-15(19:39) | D64: 1 | E64: 2.10시간 | F64: 0 | G64: IR팀 | H64: Team Member | I64: 유용성 | J64: 24101401 | K64: 유연근무 | L64: 초과근무 | M64: 결재종결 | N64: 2025-02-14 | O64: 202501_유용성(IR팀)_초과 근무 신처 | P64: 뉴로핏 주식회사-250214-IR팀-0003 | T64: 우선주 전환을 위한 예탁원 사전심사 자료 작업 | U64: =DATEVALUE(LEFT(C64,10)) -> 45672 | V64: =WEEKNUM(U64,21) -> 3 | W64: =MID(C64,12,5) -> 17:34 | X64: =MID(C64,32,5) -> 19:39 | Y64: =X64-W64 -> 0.086805556 | Z64: =TEXT(U64, "YYYY-MM-DD aaa")&" ("&TEXT(W64, "hh:mm")&"~"&TEXT(X64, "hh:mm")&") : "&IF(MINUTE(Y64)=0, TEXT(Y64, "h시간"), TEXT(Y64, "h시간 m분")) -> 2025-01-15 수 (17:34~19:39) : 2시간 5분 | AB64: =_xlfn.XLOOKUP(I64, 기초데이터!$C$2:$C$305, 기초데이터!$U$2:$U$305) -> noah@neurophet.com
... A143: =SUBTOTAL(3,$I$2:I143)*1 -> 142 | B143: 25년 2월 | C143: 2025-02-17(17:43) ~ 2025-02-17(21:43) | D143: 1 | E143: 4.00시간 | F143: 0 | G143: AQUA팀 | H143: Team Member | I143: 이승룡 | J143: 22121901 | K143: 유연근무 | L143: 초과근무 | M143: 결재종결 | N143: 2025-02-21 | O143: 250221_AQUA팀_이승룡 유연근무 신청 | P143: 뉴로핏 주식회사-250221-AQUA팀-0002 | T143: Normative Engine pipeline 인터페이스 구현 및 AQUA 환경 실행 | U143: =DATEVALUE(LEFT(C143,10)) -> 45705 | V143: =WEEKNUM(U143,21) -> 8 | W143: =MID(C143,12,5) -> 17:43 | X143: =MID(C143,32,5) -> 21:43 | Y143: =X143-W143 -> 0.16666667 | Z143: =TEXT(U143, "YYYY-MM-DD aaa")&" ("&TEXT(W143, "hh:mm")&"~"&TEXT(X143, "hh:mm")&") : "&IF(MINUTE(Y143)=0, TEXT(Y143, "h시간"), TEXT(Y143, "h시간 m분")) -> 2025-02-17 월 (17:43~21:43) : 4시간 | AB143: =_xlfn.XLOOKUP(I143, 기초데이터!$C$2:$C$305, 기초데이터!$U$2:$U$305) -> lsr@neurophet.com
A144: =SUBTOTAL(3,$I$2:I144)*1 -> 143 | B144: 25년 2월 | C144: 2025-02-18(17:00) ~ 2025-02-18(21:00) | D144: 1 | E144: 4.00시간 | F144: 0 | G144: AQUA팀 | H144: Team Member | I144: 강신일 | K144: 유연근무 | L144: 초과근무 | M144: 결재종결 | N144: 2025-02-19 | O144: 250218_AQUA팀_강신일 유연근무신청 | P144: 뉴로핏 주식회사-250219-AQUA팀-0001 | T144: NeuroMap Label Data Export 데이터 모델 정의 및 기능 구현 | U144: =DATEVALUE(LEFT(C144,10)) -> 45706 | V144: =WEEKNUM(U144,21) -> 8 | W144: =MID(C144,12,5) -> 17:00 | X144: =MID(C144,32,5) -> 21:00 | Y144: =X144-W144 -> 0.16666667 | Z144: =TEXT(U144, "YYYY-MM-DD aaa")&" ("&TEXT(W144, "hh:mm")&"~"&TEXT(X144, "hh:mm")&") : "&IF(MINUTE(Y144)=0, TEXT(Y144, "h시간"), TEXT(Y144, "h시간 m분")) -> 2025-02-18 화 (17:00~21:00) : 4시간 | AB144: =_xlfn.XLOOKUP(I144, 기초데이터!$C$2:$C$305, 기초데이터!$U$2:$U$305) -> sikang@neurophet.com
A145: =SUBTOTAL(3,$I$2:I145)*1 -> 144 | B145: 25년 2월 | C145: 2025-02-18(17:25) ~ 2025-02-18(21:25) | D145: 1 | E145: 4.00시간 | F145: 0 | G145: AQUA팀 | H145: Team Member | I145: 이승룡 | J145: 22121901 | K145: 유연근무 | L145: 초과근무 | M145: 결재종결 | N145: 2025-02-21 | O145: 250221_AQUA팀_이승룡 유연근무 신청 | P145: 뉴로핏 주식회사-250221-AQUA팀-0002 | T145: Anomaly Engine pipeline 인터페이스 구현 및 AQUA 환경 실행 | U145: =DATEVALUE(LEFT(C145,10)) -> 45706 | V145: =WEEKNUM(U145,21) -> 8 | W145: =MID(C145,12,5) -> 17:25 | X145: =MID(C145,32,5) -> 21:25 | Y145: =X145-W145 -> 0.16666667 | Z145: =TEXT(U145, "YYYY-MM-DD aaa")&" ("&TEXT(W145, "hh:mm")&"~"&TEXT(X145, "hh:mm")&") : "&IF(MINUTE(Y145)=0, TEXT(Y145, "h시간"), TEXT(Y145, "h시간 m분")) -> 2025-02-18 화 (17:25~21:25) : 4시간 | AB145: =_xlfn.XLOOKUP(I145, 기초데이터!$C$2:$C$305, 기초데이터!$U$2:$U$305) -> lsr@neurophet.com
A146: =SUBTOTAL(3,$I$2:I146)*1 -> 145 | B146: 25년 2월 | C146: 2025-02-18(17:27) ~ 2025-02-18(20:59) | D146: 1 | E146: 3.50시간 | F146: 0 | G146: IR팀 | H146: Team Member | I146: 유용성 | J146: 24101401 | K146: 유연근무 | L146: 초과근무 | M146: 결재종결 | N146: 2025-03-11 | O146: 202502_유용성(IR팀)_초과 근무 신청 | P146: 뉴로핏 주식회사-250311-IR팀-0001 | T146: 예심신청서, 투자기관 요청 대응 등 | U146: =DATEVALUE(LEFT(C146,10)) -> 45706 | V146: =WEEKNUM(U146,21) -> 8 | W146: =MID(C146,12,5) -> 17:27 | X146: =MID(C146,32,5) -> 20:59 | Y146: =X146-W146 -> 0.14722222 | Z146: =TEXT(U146, "YYYY-MM-DD aaa")&" ("&TEXT(W146, "hh:mm")&"~"&TEXT(X146, "hh:mm")&") : "&IF(MINUTE(Y146)=0, TEXT(Y146, "h시간"), TEXT(Y146, "h시간 m분")) -> 2025-02-18 화 (17:27~20:59) : 3시간 32분 | AB146: =_xlfn.XLOOKUP(I146, 기초데이터!$C$2:$C$305, 기초데이터!$U$2:$U$305) -> noah@neurophet.com
A147: =SUBTOTAL(3,$I$2:I147)*1 -> 146 | B147: 25년 2월 | C147: 2025-02-18(17:30) ~ 2025-02-18(19:30) | D147: 1 | E147: 2.00시간 | F147: 0 | G147: AD팀 | H147: Team Lead | I147: 서강희 | J147: 22060201 | K147: 유연근무 | L147: 초과근무 | M147: 결재종결 | N147: 2025-02-19 | O147: 250218 서강희 유연근무 신청 | P147: 뉴로핏 주식회사-250218-AD팀-0001 | T147: AQUA AD 3.0 NeuroEngine 적용, PET 분석 pipeline 구현, ARIA-E 분석 리뷰 | U147: =DATEVALUE(LEFT(C147,10)) -> 45706 | V147: =WEEKNUM(U147,21) -> 8 | W147: =MID(C147,12,5) -> 17:30 | X147: =MID(C147,32,5) -> 19:30 | Y147: =X147-W147 -> 0.083333333 | Z147: =TEXT(U147, "YYYY-MM-DD aaa")&" ("&TEXT(W147, "hh:mm")&"~"&TEXT(X147, "hh:mm")&") : "&IF(MINUTE(Y147)=0, TEXT(Y147, "h시간"), TEXT(Y147, "h시간 m분")) -> 2025-02-18 화 (17:30~19:30) : 2시간 | AB147: =_xlfn.XLOOKUP(I147, 기초데이터!$C$2:$C$305, 기초데이터!$U$2:$U$305) -> kelly.seo@neurophet.com
A148: =SUBTOTAL(3,$I$2:I148)*1 -> 147 | B148: 25년 2월 | C148: 2025-02-18(19:25) ~ 2025-02-18(21:40) | D148: 1 | E148: 2.30시간 | F148: 0 | G148: AQUA팀 | H148: Team Lead | I148: 전만재 | J148: 22021404 | K148: 유연근무 | L148: 초과근무 | M148: 결재종결 | N148: 2025-02-19 | O148: 250218_AQUA팀_전만재_유연근무 신청 | P148: 뉴로핏 주식회사-250218-AQUA팀-0002 | T148: AQUA 3.2 M1 DHF 작성 기한 준수 | U148: =DATEVALUE(LEFT(C148,10)) -> 45706 | V148: =WEEKNUM(U148,21) -> 8 | W148: =MID(C148,12,5) -> 19:25 | X148: =MID(C148,32,5) -> 21:40 | Y148: =X148-W148 -> 0.09375 | Z148: =TEXT(U148, "YYYY-MM-DD aaa")&" ("&TEXT(W148, "hh:mm")&"~"&TEXT(X148, "hh:mm")&") : "&IF(MINUTE(Y148)=0, TEXT(Y148, "h시간"), TEXT(Y148, "h시간 m분")) -> 2025-02-18 화 (19:25~21:40) : 2시간 15분 | AB148: =_xlfn.XLOOKUP(I148, 기초데이터!$C$2:$C$305, 기초데이터!$U$2:$U$305) -> manjae.jeon@neurophet.com
A149: =SUBTOTAL(3,$I$2:I149)*1 -> 148 | B149: 25년 2월 | C149: 2025-02-19(16:34) ~ 2025-02-19(19:10) | D149: 1 | E149: 2.60시간 | F149: 0 | G149: AR1팀 | H149: Team Member | I149: 김다현 | J149: 24060302 | K149: 유연근무 | L149: 초과근무 | M149: 결재종결 | N149: 2025-02-20 | O149: 250219_AR1팀(김다현)_유연근무(초과근무) | P149: 뉴로핏 주식회사-250220-AR1팀-0003 | T149: ARIA-H 데이터 전처리 후 MSFF-nnUNet baseline 모델 훈련 시작 | U149: =DATEVALUE(LEFT(C149,10)) -> 45707 | V149: =WEEKNUM(U149,21) -> 8 | W149: =MID(C149,12,5) -> 16:34 | X149: =MID(C149,32,5) -> 19:10 | Y149: =X149-W149 -> 0.10833333 | Z149: =TEXT(U149, "YYYY-MM-DD aaa")&" ("&TEXT(W149, "hh:mm")&"~"&TEXT(X149, "hh:mm")&") : "&IF(MINUTE(Y149)=0, TEXT(Y149, "h시간"), TEXT(Y149, "h시간 m분")) -> 2025-02-19 수 (16:34~19:10) : 2시간 36분 | AB149: =_xlfn.XLOOKUP(I149, 기초데이터!$C$2:$C$305, 기초데이터!$U$2:$U$305) -> dahyun@neurophet.com
A150: =SUBTOTAL(3,$I$2:I150)*1 -> 149 | B150: 25년 2월 | C150: 2025-02-19(16:40) ~ 2025-02-19(20:40) | D150: 1 | E150: 4.00시간 | F150: 0 | G150: Platform팀 | H150: Team Member | I150: 성형모 | J150: 22022101 | K150: 유연근무 | L150: 초과근무 | M150: 결재종결 | N150: 2025-03-09 | O150: 20250307_유연근무신청서_성형모 | P150: 뉴로핏 주식회사-250307-Platform팀-0001 | T150: Inhouse 엔진 클러스터 서버 구성 및 NEO2.0 엔진 브로커 인터페이스 구현을 위한 탄력 근무 | U150: =DATEVALUE(LEFT(C150,10)) -> 45707 | V150: =WEEKNUM(U150,21) -> 8 | W150: =MID(C150,12,5) -> 16:40 | X150: =MID(C150,32,5) -> 20:40 | Y150: =X150-W150 -> 0.16666667 | Z150: =TEXT(U150, "YYYY-MM-DD aaa")&" ("&TEXT(W150, "hh:mm")&"~"&TEXT(X150, "hh:mm")&") : "&IF(MINUTE(Y150)=0, TEXT(Y150, "h시간"), TEXT(Y150, "h시간 m분")) -> 2025-02-19 수 (16:40~20:40) : 4시간 | AB150: =_xlfn.XLOOKUP(I150, 기초데이터!$C$2:$C$305, 기초데이터!$U$2:$U$305) -> hmseong@neurophet.com
A151: =SUBTOTAL(3,$I$2:I151)*1 -> 150 | B151: 25년 2월 | C151: 2025-02-19(17:00) ~ 2025-02-19(19:10) | D151: 1 | E151: 2.20시간 | F151: 0 | G151: PR팀 | H151: Team Member | I151: 윤재정 | J151: 22031501 | K151: 유연근무 | L151: 초과근무 | M151: 결재종결 | N151: 2025-03-05 | O151: 250219_PR팀(윤재정)_초과근무신청 | P151: 뉴로핏 주식회사-250305-PR팀-0002 | T151: 상장신청준비 보조 | U151: =DATEVALUE(LEFT(C151,10)) -> 45707 | V151: =WEEKNUM(U151,21) -> 8 | W151: =MID(C151,12,5) -> 17:00 | X151: =MID(C151,32,5) -> 19:10 | Y151: =X151-W151 -> 0.090277778 | Z151: =TEXT(U151, "YYYY-MM-DD aaa")&" ("&TEXT(W151, "hh:mm")&"~"&TEXT(X151, "hh:mm")&") : "&IF(MINUTE(Y151)=0, TEXT(Y151, "h시간"), TEXT(Y151, "h시간 m분")) -> 2025-02-19 수 (17:00~19:10) : 2시간 10분 | AB151: =_xlfn.XLOOKUP(I151, 기초데이터!$C$2:$C$305, 기초데이터!$U$2:$U$305) -> jjyoon@neurophet.com
A152: =SUBTOTAL(3,$I$2:I152)*1 -> 151 | B152: 25년 2월 | C152: 2025-02-19(17:00) ~ 2025-02-19(20:00) | D152: 1 | E152: 3.00시간 | F152: 0 | G152: AQUA팀 | H152: Team Member | I152: 강신일 | K152: 유연근무 | L152: 초과근무 | M152: 결재종결 | N152: 2025-02-20 | O152: 250219_AQUA팀_강신일 유연근무신청 | P152: 뉴로핏 주식회사-250219-AQUA팀-0002 | T152: NeuroMap Label Data Export 기능 구현 및 테스트 코드 작성, 다국어 관련 내용 추가에 따른 기능 수정 | U152: =DATEVALUE(LEFT(C152,10)) -> 45707 | V152: =WEEKNUM(U152,21) -> 8 | W152: =MID(C152,12,5) -> 17:00 | X152: =MID(C152,32,5) -> 20:00 | Y152: =X152-W152 -> 0.125 | Z152: =TEXT(U152, "YYYY-MM-DD aaa")&" ("&TEXT(W152, "hh:mm")&"~"&TEXT(X152, "hh:mm")&") : "&IF(MINUTE(Y152)=0, TEXT(Y152, "h시간"), TEXT(Y152, "h시간 m분")) -> 2025-02-19 수 (17:00~20:00) : 3시간 | AB152: =_xlfn.XLOOKUP(I152, 기초데이터!$C$2:$C$305, 기초데이터!$U$2:$U$305) -> sikang@neurophet.com
A153: =SUBTOTAL(3,$I$2:I153)*1 -> 152 | B153: 25년 2월 | C153: 2025-02-19(17:30) ~ 2025-02-19(19:30) | D153: 1 | E153: 2.00시간 | F153: 0 | G153: AD팀 | H153: Team Lead | I153: 서강희 | J153: 22060201 | K153: 유연근무 | L153: 초과근무 | M153: 결재종결 | N153: 2025-02-20 | O153: 250219 서강희 유연근무 신청 | P153: 뉴로핏 주식회사-250219-AD팀-0002 | T153: AQUA AD 3.0 NeuroEngine 적용, ARIA-E 분석 리뷰, baseline 선택 기능 구현 | U153: =DATEVALUE(LEFT(C153,10)) -> 45707 | V153: =WEEKNUM(U153,21) -> 8 | W153: =MID(C153,12,5) -> 17:30 | X153: =MID(C153,32,5) -> 19:30 | Y153: =X153-W153 -> 0.083333333 | Z153: =TEXT(U153, "YYYY-MM-DD aaa")&" ("&TEXT(W153, "hh:mm")&"~"&TEXT(X153, "hh:mm")&") : "&IF(MINUTE(Y153)=0, TEXT(Y153, "h시간"), TEXT(Y153, "h시간 m분")) -> 2025-02-19 수 (17:30~19:30) : 2시간 | AB153: =_xlfn.XLOOKUP(I153, 기초데이터!$C$2:$C$305, 기초데이터!$U$2:$U$305) -> kelly.seo@neurophet.com
A154: =SUBTOTAL(3,$I$2:I154)*1 -> 153 | B154: 25년 2월 | C154: 2025-02-19(17:35) ~ 2025-02-19(22:53) | D154: 1 | E154: 5.30시간 | F154: 0 | G154: IR팀 | H154: Team Member | I154: 유용성 | J154: 24101401 | K154: 유연근무 | L154: 초과근무 | M154: 결재종결 | N154: 2025-03-11 | O154: 202502_유용성(IR팀)_초과 근무 신청 | P154: 뉴로핏 주식회사-250311-IR팀-0001 | T154: 예심신청서, 투자기관 요청 대응 등 | U154: =DATEVALUE(LEFT(C154,10)) -> 45707 | V154: =WEEKNUM(U154,21) -> 8 | W154: =MID(C154,12,5) -> 17:35 | X154: =MID(C154,32,5) -> 22:53 | Y154: =X154-W154 -> 0.22083333 | Z154: =TEXT(U154, "YYYY-MM-DD aaa")&" ("&TEXT(W154, "hh:mm")&"~"&TEXT(X154, "hh:mm")&") : "&IF(MINUTE(Y154)=0, TEXT(Y154, "h시간"), TEXT(Y154, "h시간 m분")) -> 2025-02-19 수 (17:35~22:53) : 5시간 18분 | AB154: =_xlfn.XLOOKUP(I154, 기초데이터!$C$2:$C$305, 기초데이터!$U$2:$U$305) -> noah@neurophet.com
A155: =SUBTOTAL(3,$I$2:I155)*1 -> 154 | B155: 25년 2월 | C155: 2025-02-20(16:03) ~ 2025-02-20(17:12) | D155: 1 | E155: 1.10시간 | F155: 0 | G155: 연구기획팀 | H155: Team Member | I155: 박인영 | J155: 23082301 | K155: 유연근무 | L155: 초과근무 | M155: 결재종결 | N155: 2025-02-26 | O155: 250220_연구기획팀(박인영)_초과근무의 건 | P155: 뉴로핏 주식회사-250226-연구기획-0001 | T155: 치매극복사업 최종보고서 수정 및 제출 | U155: =DATEVALUE(LEFT(C155,10)) -> 45708 | V155: =WEEKNUM(U155,21) -> 8 | W155: =MID(C155,12,5) -> 16:03 | X155: =MID(C155,32,5) -> 17:12 | Y155: =X155-W155 -> 0.047916667 | Z155: =TEXT(U155, "YYYY-MM-DD aaa")&" ("&TEXT(W155, "hh:mm")&"~"&TEXT(X155, "hh:mm")&") : "&IF(MINUTE(Y155)=0, TEXT(Y155, "h시간"), TEXT(Y155, "h시간 m분")) -> 2025-02-20 목 (16:03~17:12) : 1시간 9분 | AB155: =_xlfn.XLOOKUP(I155, 기초데이터!$C$2:$C$305, 기초데이터!$U$2:$U$305) -> iypark@neurophet.com
A156: =SUBTOTAL(3,$I$2:I156)*1 -> 155 | B156: 25년 2월 | C156: 2025-02-20(16:40) ~ 2025-02-20(20:40) | D156: 1 | E156: 4.00시간 | F156: 0 | G156: Platform팀 | H156: Team Member | I156: 성형모 | J156: 22022101 | K156: 유연근무 | L156: 초과근무 | M156: 결재종결 | N156: 2025-03-09 | O156: 20250307_유연근무신청서_성형모 | P156: 뉴로핏 주식회사-250307-Platform팀-0001 | T156: NEO2.0 엔진 브로커 인터페이스 구현을 위한 탄력 근무 | U156: =DATEVALUE(LEFT(C156,10)) -> 45708 | V156: =WEEKNUM(U156,21) -> 8 | W156: =MID(C156,12,5) -> 16:40 | X156: =MID(C156,32,5) -> 20:40 | Y156: =X156-W156 -> 0.16666667 | Z156: =TEXT(U156, "YYYY-MM-DD aaa")&" ("&TEXT(W156, "hh:mm")&"~"&TEXT(X156, "hh:mm")&") : "&IF(MINUTE(Y156)=0, TEXT(Y156, "h시간"), TEXT(Y156, "h시간 m분")) -> 2025-02-20 목 (16:40~20:40) : 4시간 | AB156: =_xlfn.XLOOKUP(I156, 기초데이터!$C$2:$C$305, 기초데이터!$U$2:$U$305) -> hmseong@neurophet.com
A157: =SUBTOTAL(3,$I$2:I157)*1 -> 156 | B157: 25년 2월 | C157: 2025-02-20(16:51) ~ 2025-02-20(19:20) | D157: 1 | E157: 2.50시간 | F157: 0 | G157: AR1팀 | H157: Team Member | I157: 김다현 | J157: 24060302 | K157: 유연근무 | L157: 초과근무 | M157: 결재종결 | N157: 2025-02-21 | O157: 250220_AR1팀(김다현)_유연근무(초과근무) | P157: 뉴로핏 주식회사-250221-AR1팀-0002 | T157: ARIA-H filter 실험, gt 변경하여 모델 실험 | U157: =DATEVALUE(LEFT(C157,10)) -> 45708 | V157: =WEEKNUM(U157,21) -> 8 | W157: =MID(C157,12,5) -> 16:51 | X157: =MID(C157,32,5) -> 19:20 | Y157: =X157-W157 -> 0.10347222 | Z157: =TEXT(U157, "YYYY-MM-DD aaa")&" ("&TEXT(W157, "hh:mm")&"~"&TEXT(X157, "hh:mm")&") : "&IF(MINUTE(Y157)=0, TEXT(Y157, "h시간"), TEXT(Y157, "h시간 m분")) -> 2025-02-20 목 (16:51~19:20) : 2시간 29분 | AB157: =_xlfn.XLOOKUP(I157, 기초데이터!$C$2:$C$305, 기초데이터!$U$2:$U$305) -> dahyun@neurophet.com
A158: =SUBTOTAL(3,$I$2:I158)*1 -> 157 | B158: 25년 2월 | C158: 2025-02-20(17:25) ~ 2025-02-20(21:03) | D158: 1 | E158: 3.60시간 | F158: 0 | G158: AD팀 | H158: Team Member | I158: 이지은B | J158: 23112702 | K158: 유연근무 | L158: 초과근무 | M158: 결재종결 | N158: 2025-02-24 | O158: 250221 유연근무신청 이지은 | P158: 뉴로핏 주식회사-250221-AD팀-0003 | T158: AD 25.07 스프린트 일정을 맞추기 위한 초과근무 | U158: =DATEVALUE(LEFT(C158,10)) -> 45708 | V158: =WEEKNUM(U158,21) -> 8 | W158: =MID(C158,12,5) -> 17:25 | X158: =MID(C158,32,5) -> 21:03 | Y158: =X158-W158 -> 0.15138889 | Z158: =TEXT(U158, "YYYY-MM-DD aaa")&" ("&TEXT(W158, "hh:mm")&"~"&TEXT(X158, "hh:mm")&") : "&IF(MINUTE(Y158)=0, TEXT(Y158, "h시간"), TEXT(Y158, "h시간 m분")) -> 2025-02-20 목 (17:25~21:03) : 3시간 38분 | AB158: =_xlfn.XLOOKUP(I158, 기초데이터!$C$2:$C$305, 기초데이터!$U$2:$U$305) -> jieunlee@neurophet.com
A159: =SUBTOTAL(3,$I$2:I159)*1 -> 158 | B159: 25년 2월 | C159: 2025-02-20(17:30) ~ 2025-02-20(20:30) | D159: 1 | E159: 3.00시간 | F159: 0 | G159: AD팀 | H159: Team Lead | I159: 서강희 | J159: 22060201 | K159: 유연근무 | L159: 초과근무 | M159: 결재종결 | N159: 2025-02-20 | O159: 250220 서강희 유연근무 신청 | P159: 뉴로핏 주식회사-250220-AD팀-0002 | T159: AQUA AD 3.0 NeuroEngine 적용, ARIA-E 분석 리뷰, 규제정보에 따른 토큰 변환 적용 | U159: =DATEVALUE(LEFT(C159,10)) -> 45708 | V159: =WEEKNUM(U159,21) -> 8 | W159: =MID(C159,12,5) -> 17:30 | X159: =MID(C159,32,5) -> 20:30 | Y159: =X159-W159 -> 0.125 | Z159: =TEXT(U159, "YYYY-MM-DD aaa")&" ("&TEXT(W159, "hh:mm")&"~"&TEXT(X159, "hh:mm")&") : "&IF(MINUTE(Y159)=0, TEXT(Y159, "h시간"), TEXT(Y159, "h시간 m분")) -> 2025-02-20 목 (17:30~20:30) : 3시간 | AB159: =_xlfn.XLOOKUP(I159, 기초데이터!$C$2:$C$305, 기초데이터!$U$2:$U$305) -> kelly.seo@neurophet.com
A160: =SUBTOTAL(3,$I$2:I160)*1 -> 159 | B160: 25년 2월 | C160: 2025-02-20(18:32) ~ 2025-02-20(20:36) | D160: 1 | E160: 2.10시간 | F160: 0 | G160: NR2팀 | H160: Team Member | I160: 이민우 | J160: 22022102 | K160: 유연근무 | L160: 초과근무 | M160: 결재종결 | N160: 2025-02-24 | O160: 250220_NR2팀_이민우_초과근무 | P160: 뉴로핏 주식회사-250221-NR2팀-0001 | T160: ARIA-H 실험 데이터셋 구축, 리서치 마일스톤 작성 | U160: =DATEVALUE(LEFT(C160,10)) -> 45708 | V160: =WEEKNUM(U160,21) -> 8 | W160: =MID(C160,12,5) -> 18:32 | X160: =MID(C160,32,5) -> 20:36 | Y160: =X160-W160 -> 0.086111111 | Z160: =TEXT(U160, "YYYY-MM-DD aaa")&" ("&TEXT(W160, "hh:mm")&"~"&TEXT(X160, "hh:mm")&") : "&IF(MINUTE(Y160)=0, TEXT(Y160, "h시간"), TEXT(Y160, "h시간 m분")) -> 2025-02-20 목 (18:32~20:36) : 2시간 4분 | AB160: =_xlfn.XLOOKUP(I160, 기초데이터!$C$2:$C$305, 기초데이터!$U$2:$U$305) -> minwoo@neurophet.com
A161: =SUBTOTAL(3,$I$2:I161)*1 -> 160 | B161: 25년 2월 | C161: 2025-02-20(19:10) ~ 2025-02-20(21:23) | D161: 1 | E161: 2.20시간 | F161: 0 | G161: UX팀 | H161: Team Member | I161: 강슬기 | J161: 20100502 | K161: 유연근무 | L161: 초과근무 | M161: 결재종결 | N161: 2025-02-24 | O161: 250220_UX팀(강슬기)_유연근무신청서 | P161: 뉴로핏 주식회사-250224-UX팀-0002 | T161: AQ 3.2 프로젝트 팀과 협의한 2/21까지 화면정의서 작업 및 공유를 완료하기 위해 초과근무 신청하였습니다. (AQ 3.2 M1 일정: 2/27) | U161: =DATEVALUE(LEFT(C161,10)) -> 45708 | V161: =WEEKNUM(U161,21) -> 8 | W161: =MID(C161,12,5) -> 19:10 | X161: =MID(C161,32,5) -> 21:23 | Y161: =X161-W161 -> 0.092361111 | Z161: =TEXT(U161, "YYYY-MM-DD aaa")&" ("&TEXT(W161, "hh:mm")&"~"&TEXT(X161, "hh:mm")&") : "&IF(MINUTE(Y161)=0, TEXT(Y161, "h시간"), TEXT(Y161, "h시간 m분")) -> 2025-02-20 목 (19:10~21:23) : 2시간 13분 | AB161: =_xlfn.XLOOKUP(I161, 기초데이터!$C$2:$C$305, 기초데이터!$U$2:$U$305) -> sgkang@neurophet.com
A162: =SUBTOTAL(3,$I$2:I162)*1 -> 161 | B162: 25년 2월 | C162: 2025-02-21(16:40) ~ 2025-02-21(20:00) | D162: 1 | E162: 3.30시간 | F162: 0 | G162: Platform팀 | H162: Team Member | I162: 성형모 | J162: 22022101 | K162: 유연근무 | L162: 초과근무 | M162: 결재종결 | N162: 2025-03-09 | O162: 20250307_유연근무신청서_성형모 | P162: 뉴로핏 주식회사-250307-Platform팀-0001 | T162: NEO2.0 엔진 브로커 인터페이스 구현을 위한 탄력 근무 | U162: =DATEVALUE(LEFT(C162,10)) -> 45709 | V162: =WEEKNUM(U162,21) -> 8 | W162: =MID(C162,12,5) -> 16:40 | X162: =MID(C162,32,5) -> 20:00 | Y162: =X162-W162 -> 0.13888889 | Z162: =TEXT(U162, "YYYY-MM-DD aaa")&" ("&TEXT(W162, "hh:mm")&"~"&TEXT(X162, "hh:mm")&") : "&IF(MINUTE(Y162)=0, TEXT(Y162, "h시간"), TEXT(Y162, "h시간 m분")) -> 2025-02-21 금 (16:40~20:00) : 3시간 20분 | AB162: =_xlfn.XLOOKUP(I162, 기초데이터!$C$2:$C$305, 기초데이터!$U$2:$U$305) -> hmseong@neurophet.com
A163: =SUBTOTAL(3,$I$2:I163)*1 -> 162 | B163: 25년 2월 | C163: 2025-02-21(17:28) ~ 2025-02-21(21:28) | D163: 1 | E163: 4.00시간 | F163: 0 | G163: AQUA팀 | H163: Team Member | I163: 이승룡 | J163: 22121901 | K163: 유연근무 | L163: 초과근무 | M163: 결재종결 | N163: 2025-02-21 | O163: 250221_AQUA팀_이승룡 유연근무 신청 | P163: 뉴로핏 주식회사-250221-AQUA팀-0002 | T163: Neo 환경 Normative Data 사용을 위한 DB 구조 설계 및 Dummy Data 업로드 | U163: =DATEVALUE(LEFT(C163,10)) -> 45709 | V163: =WEEKNUM(U163,21) -> 8 | W163: =MID(C163,12,5) -> 17:28 | X163: =MID(C163,32,5) -> 21:28 | Y163: =X163-W163 -> 0.16666667 | Z163: =TEXT(U163, "YYYY-MM-DD aaa")&" ("&TEXT(W163, "hh:mm")&"~"&TEXT(X163, "hh:mm")&") : "&IF(MINUTE(Y163)=0, TEXT(Y163, "h시간"), TEXT(Y163, "h시간 m분")) -> 2025-02-21 금 (17:28~21:28) : 4시간 | AB163: =_xlfn.XLOOKUP(I163, 기초데이터!$C$2:$C$305, 기초데이터!$U$2:$U$305) -> lsr@neurophet.com
A164: =SUBTOTAL(3,$I$2:I164)*1 -> 163 | B164: 25년 2월 | C164: 2025-02-22(09:00) ~ 2025-02-22(13:00) | D164: 1 | E164: 4.00시간 | F164: 0 | G164: 세일즈&서비스실 | H164: Team Member | I164: 최영훈 | J164: 24072203 | K164: 유연근무 | L164: 초과근무 | M164: 결재종결 | N164: 2025-03-04 | O164: 250221_세일즈팀 최영훈_초과근무 신청 입니다. | P164: 뉴로핏 주식회사-250221-영업-0001 | T164: 구로성심병원 허정민 병원장님 AQUA 도입 미팅 | U164: =DATEVALUE(LEFT(C164,10)) -> 45710 | V164: =WEEKNUM(U164,21) -> 8 | W164: =MID(C164,12,5) -> 09:00 | X164: =MID(C164,32,5) -> 13:00 | Y164: =X164-W164 -> 0.16666667 | Z164: =TEXT(U164, "YYYY-MM-DD aaa")&" ("&TEXT(W164, "hh:mm")&"~"&TEXT(X164, "hh:mm")&") : "&IF(MINUTE(Y164)=0, TEXT(Y164, "h시간"), TEXT(Y164, "h시간 m분")) -> 2025-02-22 토 (09:00~13:00) : 4시간 | AB164: =_xlfn.XLOOKUP(I164, 기초데이터!$C$2:$C$305, 기초데이터!$U$2:$U$305) -> yhchoi@neurophet.com
... A178: =SUBTOTAL(3,$I$2:I178)*1 -> 177 | B178: 25년 2월 | C178: 2025-02-25(16:00) ~ 2025-02-25(20:00) | D178: 1 | E178: 4.00시간 | F178: 0 | G178: AQUA팀 | H178: Team Member | I178: 이승룡 | J178: 22121901 | K178: 유연근무 | L178: 초과근무 | M178: 결재종결 | N178: 2025-02-28 | O178: 250225_AQUA팀_이승룡 유연근무 신청 | P178: 뉴로핏 주식회사-250228-AQUA팀-0003 | T178: AQUA 3.2 Flair_seg Engine에 대한 인터페이스 구현 및 테스트 수행 | U178: =DATEVALUE(LEFT(C178,10)) -> 45713 | V178: =WEEKNUM(U178,21) -> 9 | W178: =MID(C178,12,5) -> 16:00 | X178: =MID(C178,32,5) -> 20:00 | Y178: =X178-W178 -> 0.16666667 | Z178: =TEXT(U178, "YYYY-MM-DD aaa")&" ("&TEXT(W178, "hh:mm")&"~"&TEXT(X178, "hh:mm")&") : "&IF(MINUTE(Y178)=0, TEXT(Y178, "h시간"), TEXT(Y178, "h시간 m분")) -> 2025-02-25 화 (16:00~20:00) : 4시간 | AB178: =_xlfn.XLOOKUP(I178, 기초데이터!$C$2:$C$305, 기초데이터!$U$2:$U$305) -> lsr@neurophet.com
A179: =SUBTOTAL(3,$I$2:I179)*1 -> 178 | B179: 25년 2월 | C179: 2025-02-25(17:00) ~ 2025-02-25(21:00) | D179: 1 | E179: 4.00시간 | F179: 0 | G179: AQUA팀 | H179: Team Member | I179: 강신일 | K179: 유연근무 | L179: 초과근무 | M179: 결재종결 | N179: 2025-02-26 | O179: 250225_AQUA팀_강신일 유연근무신청 | P179: 뉴로핏 주식회사-250225-AQUA팀-0001 | T179: NEO에 Label Data Import 기능 구현 및 테스트 코드 작성 | U179: =DATEVALUE(LEFT(C179,10)) -> 45713 | V179: =WEEKNUM(U179,21) -> 9 | W179: =MID(C179,12,5) -> 17:00 | X179: =MID(C179,32,5) -> 21:00 | Y179: =X179-W179 -> 0.16666667 | Z179: =TEXT(U179, "YYYY-MM-DD aaa")&" ("&TEXT(W179, "hh:mm")&"~"&TEXT(X179, "hh:mm")&") : "&IF(MINUTE(Y179)=0, TEXT(Y179, "h시간"), TEXT(Y179, "h시간 m분")) -> 2025-02-25 화 (17:00~21:00) : 4시간 | AB179: =_xlfn.XLOOKUP(I179, 기초데이터!$C$2:$C$305, 기초데이터!$U$2:$U$305) -> sikang@neurophet.com
A180: =SUBTOTAL(3,$I$2:I180)*1 -> 179 | B180: 25년 2월 | C180: 2025-02-25(17:19) ~ 2025-02-25(19:04) | D180: 1 | E180: 1.80시간 | F180: 0 | G180: 마케팅팀 | H180: Team Member | I180: 서충원 | J180: 24011503 | K180: 유연근무 | L180: 초과근무 | M180: 결재종결 | N180: 2025-03-06 | O180: 250225,250226_mkt(서충원)_초과근무신청 | P180: 뉴로핏 주식회사-250228-마케팅-0002 | T180: 소영회 신입생 환영회 준비(제품 슬라이드 제작) | U180: =DATEVALUE(LEFT(C180,10)) -> 45713 | V180: =WEEKNUM(U180,21) -> 9 | W180: =MID(C180,12,5) -> 17:19 | X180: =MID(C180,32,5) -> 19:04 | Y180: =X180-W180 -> 0.072916667 | Z180: =TEXT(U180, "YYYY-MM-DD aaa")&" ("&TEXT(W180, "hh:mm")&"~"&TEXT(X180, "hh:mm")&") : "&IF(MINUTE(Y180)=0, TEXT(Y180, "h시간"), TEXT(Y180, "h시간 m분")) -> 2025-02-25 화 (17:19~19:04) : 1시간 45분 | AB180: =_xlfn.XLOOKUP(I180, 기초데이터!$C$2:$C$305, 기초데이터!$U$2:$U$305) -> cwseo@neurophet.com
A181: =SUBTOTAL(3,$I$2:I181)*1 -> 180 | B181: 25년 2월 | C181: 2025-02-25(17:30) ~ 2025-02-25(21:30) | D181: 1 | E181: 4.00시간 | F181: 0 | G181: AD팀 | H181: Team Lead | I181: 서강희 | J181: 22060201 | K181: 유연근무 | L181: 초과근무 | M181: 결재종결 | N181: 2025-02-26 | O181: 250225 서강희 유연근무 신청 | P181: 뉴로핏 주식회사-250225-AD팀-0002 | T181: AQUA AD 3.0 NeuroEngine 적용, 수동분석 API 확장 기능 구현, 실패 보고서 생성 서비스 수정 | U181: =DATEVALUE(LEFT(C181,10)) -> 45713 | V181: =WEEKNUM(U181,21) -> 9 | W181: =MID(C181,12,5) -> 17:30 | X181: =MID(C181,32,5) -> 21:30 | Y181: =X181-W181 -> 0.16666667 | Z181: =TEXT(U181, "YYYY-MM-DD aaa")&" ("&TEXT(W181, "hh:mm")&"~"&TEXT(X181, "hh:mm")&") : "&IF(MINUTE(Y181)=0, TEXT(Y181, "h시간"), TEXT(Y181, "h시간 m분")) -> 2025-02-25 화 (17:30~21:30) : 4시간 | AB181: =_xlfn.XLOOKUP(I181, 기초데이터!$C$2:$C$305, 기초데이터!$U$2:$U$305) -> kelly.seo@neurophet.com
A182: =SUBTOTAL(3,$I$2:I182)*1 -> 181 | B182: 25년 2월 | C182: 2025-02-25(18:27) ~ 2025-02-25(21:38) | D182: 1 | E182: 3.20시간 | F182: 0 | G182: AQUA팀 | H182: Team Lead | I182: 전만재 | J182: 22021404 | K182: 유연근무 | L182: 초과근무 | M182: 결재종결 | N182: 2025-02-26 | O182: 250225_AQUA팀_전만재_유연근무 신청 | P182: 뉴로핏 주식회사-250225-AQUA팀-0002 | T182: AQUA 3.2 개발 일정 준수 | U182: =DATEVALUE(LEFT(C182,10)) -> 45713 | V182: =WEEKNUM(U182,21) -> 9 | W182: =MID(C182,12,5) -> 18:27 | X182: =MID(C182,32,5) -> 21:38 | Y182: =X182-W182 -> 0.13263889 | Z182: =TEXT(U182, "YYYY-MM-DD aaa")&" ("&TEXT(W182, "hh:mm")&"~"&TEXT(X182, "hh:mm")&") : "&IF(MINUTE(Y182)=0, TEXT(Y182, "h시간"), TEXT(Y182, "h시간 m분")) -> 2025-02-25 화 (18:27~21:38) : 3시간 11분 | AB182: =_xlfn.XLOOKUP(I182, 기초데이터!$C$2:$C$305, 기초데이터!$U$2:$U$305) -> manjae.jeon@neurophet.com
A183: =SUBTOTAL(3,$I$2:I183)*1 -> 182 | B183: 25년 2월 | C183: 2025-02-25(20:19) ~ 2025-02-25(22:27) | D183: 1 | E183: 2.10시간 | F183: 0 | G183: NR2팀 | H183: Team Member | I183: 이민우 | J183: 22022102 | K183: 유연근무 | L183: 초과근무 | M183: 결재종결 | N183: 2025-02-27 | O183: 250225_NR2팀_이민우_초과근무 | P183: 뉴로핏 주식회사-250226-NR2팀-0001 | T183: ARIA-H 종단분석 시각화를 위한 결과물 구현 실험 | U183: =DATEVALUE(LEFT(C183,10)) -> 45713 | V183: =WEEKNUM(U183,21) -> 9 | W183: =MID(C183,12,5) -> 20:19 | X183: =MID(C183,32,5) -> 22:27 | Y183: =X183-W183 -> 0.088888889 | Z183: =TEXT(U183, "YYYY-MM-DD aaa")&" ("&TEXT(W183, "hh:mm")&"~"&TEXT(X183, "hh:mm")&") : "&IF(MINUTE(Y183)=0, TEXT(Y183, "h시간"), TEXT(Y183, "h시간 m분")) -> 2025-02-25 화 (20:19~22:27) : 2시간 8분 | AB183: =_xlfn.XLOOKUP(I183, 기초데이터!$C$2:$C$305, 기초데이터!$U$2:$U$305) -> minwoo@neurophet.com
A184: =SUBTOTAL(3,$I$2:I184)*1 -> 183 | B184: 25년 2월 | C184: 2025-02-26(16:00) ~ 2025-02-26(19:00) | D184: 1 | E184: 3.00시간 | F184: 0 | G184: Tech Ops팀 | H184: Team Member | I184: 황재욱 | J184: 24102102 | K184: 유연근무 | L184: 초과근무 | M184: 결재종결 | N184: 2025-02-27 | O184: 250226_techops팀(황재윽)_유연근무신청(초과근무) | P184: 뉴로핏 주식회사-250227-테크옵스-0001 | T184: ARIA-H engine dataset 엔진 고도화 레이블링 | U184: =DATEVALUE(LEFT(C184,10)) -> 45714 | V184: =WEEKNUM(U184,21) -> 9 | W184: =MID(C184,12,5) -> 16:00 | X184: =MID(C184,32,5) -> 19:00 | Y184: =X184-W184 -> 0.125 | Z184: =TEXT(U184, "YYYY-MM-DD aaa")&" ("&TEXT(W184, "hh:mm")&"~"&TEXT(X184, "hh:mm")&") : "&IF(MINUTE(Y184)=0, TEXT(Y184, "h시간"), TEXT(Y184, "h시간 m분")) -> 2025-02-26 수 (16:00~19:00) : 3시간 | AB184: =_xlfn.XLOOKUP(I184, 기초데이터!$C$2:$C$305, 기초데이터!$U$2:$U$305) -> jaewook@neurophet.com
A185: =SUBTOTAL(3,$I$2:I185)*1 -> 184 | B185: 25년 2월 | C185: 2025-02-26(16:00) ~ 2025-02-26(20:00) | D185: 1 | E185: 4.00시간 | F185: 0 | G185: Platform팀 | H185: Team Member | I185: 성형모 | J185: 22022101 | K185: 유연근무 | L185: 초과근무 | M185: 결재종결 | N185: 2025-03-09 | O185: 20250307_유연근무신청서_성형모 | P185: 뉴로핏 주식회사-250307-Platform팀-0001 | T185: NEO2.0 엔진 브로커 인터페이스 검증 및 PET2.1.1 통합 테스트 검증 지원 | U185: =DATEVALUE(LEFT(C185,10)) -> 45714 | V185: =WEEKNUM(U185,21) -> 9 | W185: =MID(C185,12,5) -> 16:00 | X185: =MID(C185,32,5) -> 20:00 | Y185: =X185-W185 -> 0.16666667 | Z185: =TEXT(U185, "YYYY-MM-DD aaa")&" ("&TEXT(W185, "hh:mm")&"~"&TEXT(X185, "hh:mm")&") : "&IF(MINUTE(Y185)=0, TEXT(Y185, "h시간"), TEXT(Y185, "h시간 m분")) -> 2025-02-26 수 (16:00~20:00) : 4시간 | AB185: =_xlfn.XLOOKUP(I185, 기초데이터!$C$2:$C$305, 기초데이터!$U$2:$U$305) -> hmseong@neurophet.com
A186: =SUBTOTAL(3,$I$2:I186)*1 -> 185 | B186: 25년 2월 | C186: 2025-02-26(17:25) ~ 2025-02-26(18:55) | D186: 1 | E186: 1.50시간 | F186: 0 | G186: IR팀 | H186: Team Member | I186: 유용성 | J186: 24101401 | K186: 유연근무 | L186: 초과근무 | M186: 결재종결 | N186: 2025-03-11 | O186: 202502_유용성(IR팀)_초과 근무 신청 | P186: 뉴로핏 주식회사-250311-IR팀-0001 | T186: 예심신청서, 투자기관 요청 대응 등 | U186: =DATEVALUE(LEFT(C186,10)) -> 45714 | V186: =WEEKNUM(U186,21) -> 9 | W186: =MID(C186,12,5) -> 17:25 | X186: =MID(C186,32,5) -> 18:55 | Y186: =X186-W186 -> 0.0625 | Z186: =TEXT(U186, "YYYY-MM-DD aaa")&" ("&TEXT(W186, "hh:mm")&"~"&TEXT(X186, "hh:mm")&") : "&IF(MINUTE(Y186)=0, TEXT(Y186, "h시간"), TEXT(Y186, "h시간 m분")) -> 2025-02-26 수 (17:25~18:55) : 1시간 30분 | AB186: =_xlfn.XLOOKUP(I186, 기초데이터!$C$2:$C$305, 기초데이터!$U$2:$U$305) -> noah@neurophet.com
A187: =SUBTOTAL(3,$I$2:I187)*1 -> 186 | B187: 25년 2월 | C187: 2025-02-26(17:37) ~ 2025-02-26(19:03) | D187: 1 | E187: 1.40시간 | F187: 0 | G187: 마케팅팀 | H187: Team Member | I187: 서충원 | J187: 24011503 | K187: 유연근무 | L187: 초과근무 | M187: 결재종결 | N187: 2025-03-06 | O187: 250225,250226_mkt(서충원)_초과근무신청 | P187: 뉴로핏 주식회사-250228-마케팅-0002 | T187: 소영회 신입생 환영회 준비(제품 슬라이드 제작) | U187: =DATEVALUE(LEFT(C187,10)) -> 45714 | V187: =WEEKNUM(U187,21) -> 9 | W187: =MID(C187,12,5) -> 17:37 | X187: =MID(C187,32,5) -> 19:03 | Y187: =X187-W187 -> 0.059722222 | Z187: =TEXT(U187, "YYYY-MM-DD aaa")&" ("&TEXT(W187, "hh:mm")&"~"&TEXT(X187, "hh:mm")&") : "&IF(MINUTE(Y187)=0, TEXT(Y187, "h시간"), TEXT(Y187, "h시간 m분")) -> 2025-02-26 수 (17:37~19:03) : 1시간 26분 | AB187: =_xlfn.XLOOKUP(I187, 기초데이터!$C$2:$C$305, 기초데이터!$U$2:$U$305) -> cwseo@neurophet.com
A188: =SUBTOTAL(3,$I$2:I188)*1 -> 187 | B188: 25년 2월 | C188: 2025-02-27(17:30) ~ 2025-02-27(21:30) | D188: 1 | E188: 4.00시간 | F188: 0 | G188: AD팀 | H188: Team Lead | I188: 서강희 | J188: 22060201 | K188: 유연근무 | L188: 초과근무 | M188: 결재종결 | N188: 2025-02-27 | O188: 250227 서강희 유연근무 신청 | P188: 뉴로핏 주식회사-250227-AD팀-0002 | T188: AQUA AD 3.0 NeuroEngine 적용, 라이선스 AOP 확장 적용, Locale 관련 API 수정 | U188: =DATEVALUE(LEFT(C188,10)) -> 45715 | V188: =WEEKNUM(U188,21) -> 9 | W188: =MID(C188,12,5) -> 17:30 | X188: =MID(C188,32,5) -> 21:30 | Y188: =X188-W188 -> 0.16666667 | Z188: =TEXT(U188, "YYYY-MM-DD aaa")&" ("&TEXT(W188, "hh:mm")&"~"&TEXT(X188, "hh:mm")&") : "&IF(MINUTE(Y188)=0, TEXT(Y188, "h시간"), TEXT(Y188, "h시간 m분")) -> 2025-02-27 목 (17:30~21:30) : 4시간 | AB188: =_xlfn.XLOOKUP(I188, 기초데이터!$C$2:$C$305, 기초데이터!$U$2:$U$305) -> kelly.seo@neurophet.com
A189: =SUBTOTAL(3,$I$2:I189)*1 -> 188 | B189: 25년 2월 | C189: 2025-02-28(17:00) ~ 2025-02-28(19:30) | D189: 1 | E189: 2.50시간 | F189: 0 | G189: AQUA팀 | H189: Team Member | I189: 강신일 | K189: 유연근무 | L189: 초과근무 | M189: 결재종결 | N189: 2025-03-01 | O189: 250228_AQUA팀_강신일 유연근무신청 | P189: 뉴로핏 주식회사-250228-AQUA팀-0005 | T189: NeuroMap 다국어 번역 기능 변경에 따른 소스 수정 | U189: =DATEVALUE(LEFT(C189,10)) -> 45716 | V189: =WEEKNUM(U189,21) -> 9 | W189: =MID(C189,12,5) -> 17:00 | X189: =MID(C189,32,5) -> 19:30 | Y189: =X189-W189 -> 0.10416667 | Z189: =TEXT(U189, "YYYY-MM-DD aaa")&" ("&TEXT(W189, "hh:mm")&"~"&TEXT(X189, "hh:mm")&") : "&IF(MINUTE(Y189)=0, TEXT(Y189, "h시간"), TEXT(Y189, "h시간 m분")) -> 2025-02-28 금 (17:00~19:30) : 2시간 30분 | AB189: =_xlfn.XLOOKUP(I189, 기초데이터!$C$2:$C$305, 기초데이터!$U$2:$U$305) -> sikang@neurophet.com
A190: =SUBTOTAL(3,$I$2:I190)*1 -> 189 | B190: 25년 2월 | C190: 2025-02-28(17:24) ~ 2025-02-28(18:58) | D190: 1 | E190: 1.60시간 | F190: 0 | G190: IR팀 | H190: Team Member | I190: 유용성 | J190: 24101401 | K190: 유연근무 | L190: 초과근무 | M190: 결재종결 | N190: 2025-03-11 | O190: 202502_유용성(IR팀)_초과 근무 신청 | P190: 뉴로핏 주식회사-250311-IR팀-0001 | T190: 예심신청서, 투자기관 요청 대응 등 | U190: =DATEVALUE(LEFT(C190,10)) -> 45716 | V190: =WEEKNUM(U190,21) -> 9 | W190: =MID(C190,12,5) -> 17:24 | X190: =MID(C190,32,5) -> 18:58 | Y190: =X190-W190 -> 0.065277778 | Z190: =TEXT(U190, "YYYY-MM-DD aaa")&" ("&TEXT(W190, "hh:mm")&"~"&TEXT(X190, "hh:mm")&") : "&IF(MINUTE(Y190)=0, TEXT(Y190, "h시간"), TEXT(Y190, "h시간 m분")) -> 2025-02-28 금 (17:24~18:58) : 1시간 34분 | AB190: =_xlfn.XLOOKUP(I190, 기초데이터!$C$2:$C$305, 기초데이터!$U$2:$U$305) -> noah@neurophet.com
A191: =SUBTOTAL(3,$I$2:I191)*1 -> 190 | B191: 25년 2월 | C191: 2025-02-28(18:08) ~ 2025-02-28(20:08) | D191: 1 | E191: 2.00시간 | F191: 0 | G191: Vascular팀 | H191: Team Member | I191: 김준혁 | J191: 23011601 | K191: 유연근무 | L191: 초과근무 | M191: 결재종결 | N191: 2025-03-04 | O191: 20250228(2시간) 유연근무 신청 | P191: 뉴로핏 주식회사-250304-Vascular팀-0001 | T191: AQUA 3,2 스프린트 목표달성을 위한 초과근무 요청 | U191: =DATEVALUE(LEFT(C191,10)) -> 45716 | V191: =WEEKNUM(U191,21) -> 9 | W191: =MID(C191,12,5) -> 18:08 | X191: =MID(C191,32,5) -> 20:08 | Y191: =X191-W191 -> 0.083333333 | Z191: =TEXT(U191, "YYYY-MM-DD aaa")&" ("&TEXT(W191, "hh:mm")&"~"&TEXT(X191, "hh:mm")&") : "&IF(MINUTE(Y191)=0, TEXT(Y191, "h시간"), TEXT(Y191, "h시간 m분")) -> 2025-02-28 금 (18:08~20:08) : 2시간 | AB191: =_xlfn.XLOOKUP(I191, 기초데이터!$C$2:$C$305, 기초데이터!$U$2:$U$305) -> junhyuk@neurophet.com
A192: =SUBTOTAL(3,$I$2:I192)*1 -> 191 | B192: 25년 3월 | C192: 2025-02-25(19:21) ~ 2025-02-25(21:43) | D192: 1 | E192: 2.40시간 | F192: 0 | G192: UX팀 | H192: Team Member | I192: 강슬기 | J192: 20100502 | K192: 유연근무 | L192: 초과근무 | M192: 결재종결 | N192: 2025-03-18 | O192: 250225-250306_UX팀(강슬기)_유연근무신청서 | P192: 뉴로핏 주식회사-250318-UX팀-0003 | T192: NEO 2.0 (AQ 3.2) 화면정의 진행을 위해 초과근무 신청하였습니다. (M1 내에 주요 기능 정의 완료를 위함) | U192: =DATEVALUE(LEFT(C192,10)) -> 45713 | V192: =WEEKNUM(U192,21) -> 9 | W192: =MID(C192,12,5) -> 19:21 | X192: =MID(C192,32,5) -> 21:43 | Y192: =X192-W192 -> 0.098611111 | Z192: =TEXT(U192, "YYYY-MM-DD aaa")&" ("&TEXT(W192, "hh:mm")&"~"&TEXT(X192, "hh:mm")&") : "&IF(MINUTE(Y192)=0, TEXT(Y192, "h시간"), TEXT(Y192, "h시간 m분")) -> 2025-02-25 화 (19:21~21:43) : 2시간 22분 | AB192: =_xlfn.XLOOKUP(I192, 기초데이터!$C$2:$C$305, 기초데이터!$U$2:$U$305) -> sgkang@neurophet.com
A193: =SUBTOTAL(3,$I$2:I193)*1 -> 192 | B193: 25년 3월 | C193: 2025-03-31(17:27) ~ 2025-03-31(19:27) | D193: 1 | E193: 2.00시간 | F193: 0 | G193: AIOps팀 | H193: Team Member | I193: 이영훈 | J193: 25011302 | K193: 유연근무 | L193: 초과근무 | M193: 결재종결 | N193: 2025-04-01 | O193: 250331_AIOps팀(이영훈)_유연근무(초과근무) | P193: 뉴로핏 주식회사-250401-AIOps팀-0001 | T193: ARIA_E, H LONGITUDINAL 통합 테스트 코드 작성 | U193: =DATEVALUE(LEFT(C193,10)) -> 45747 | V193: =WEEKNUM(U193,21) -> 14 | W193: =MID(C193,12,5) -> 17:27 | X193: =MID(C193,32,5) -> 19:27 | Y193: =X193-W193 -> 0.083333333 | Z193: =TEXT(U193, "YYYY-MM-DD aaa")&" ("&TEXT(W193, "hh:mm")&"~"&TEXT(X193, "hh:mm")&") : "&IF(MINUTE(Y193)=0, TEXT(Y193, "h시간"), TEXT(Y193, "h시간 m분")) -> 2025-03-31 월 (17:27~19:27) : 2시간 | AB193: =_xlfn.XLOOKUP(I193, 기초데이터!$C$2:$C$305, 기초데이터!$U$2:$U$305) -> yeonghun@neurophet.com
A194: =SUBTOTAL(3,$I$2:I194)*1 -> 193 | B194: 25년 3월 | C194: 2025-03-31(18:25) ~ 2025-03-31(21:36) | D194: 1 | E194: 3.20시간 | F194: 0 | G194: AQUA팀 | H194: Team Lead | I194: 전만재 | J194: 22021404 | K194: 유연근무 | L194: 초과근무 | M194: 결재종결 | N194: 2025-04-01 | O194: 250331_AQUA팀_전만재_유연근무 신청 | P194: 뉴로핏 주식회사-250401-AQUA팀-0002 | T194: AQUA 3.2 일정 준수 | U194: =DATEVALUE(LEFT(C194,10)) -> 45747 | V194: =WEEKNUM(U194,21) -> 14 | W194: =MID(C194,12,5) -> 18:25 | X194: =MID(C194,32,5) -> 21:36 | Y194: =X194-W194 -> 0.13263889 | Z194: =TEXT(U194, "YYYY-MM-DD aaa")&" ("&TEXT(W194, "hh:mm")&"~"&TEXT(X194, "hh:mm")&") : "&IF(MINUTE(Y194)=0, TEXT(Y194, "h시간"), TEXT(Y194, "h시간 m분")) -> 2025-03-31 월 (18:25~21:36) : 3시간 11분 | AB194: =_xlfn.XLOOKUP(I194, 기초데이터!$C$2:$C$305, 기초데이터!$U$2:$U$305) -> manjae.jeon@neurophet.com
A195: =SUBTOTAL(3,$I$2:I195)*1 -> 194 | B195: 25년 3월 | C195: 2025-03-31(18:01) ~ 2025-03-31(21:15) | D195: 1 | E195: 3.20시간 | F195: 0 | G195: 임상팀 | H195: Team Member | I195: 장한나 | J195: 21122001 | K195: 유연근무 | L195: 초과근무 | M195: 결재종결 | N195: 2025-04-02 | O195: 20250331_임상팀 장한나_유연근무 신청의 건 | P195: 뉴로핏 주식회사-250401-임상팀-0005 | T195: 임상 SOP 본문 최종화 및 발표 자료 마무리 | U195: =DATEVALUE(LEFT(C195,10)) -> 45747 | V195: =WEEKNUM(U195,21) -> 14 | W195: =MID(C195,12,5) -> 18:01 | X195: =MID(C195,32,5) -> 21:15 | Y195: =X195-W195 -> 0.13472222 | Z195: =TEXT(U195, "YYYY-MM-DD aaa")&" ("&TEXT(W195, "hh:mm")&"~"&TEXT(X195, "hh:mm")&") : "&IF(MINUTE(Y195)=0, TEXT(Y195, "h시간"), TEXT(Y195, "h시간 m분")) -> 2025-03-31 월 (18:01~21:15) : 3시간 14분 | AB195: =_xlfn.XLOOKUP(I195, 기초데이터!$C$2:$C$305, 기초데이터!$U$2:$U$305) -> hnjang@neurophet.com
A196: =SUBTOTAL(3,$I$2:I196)*1 -> 195 | B196: 25년 3월 | C196: 2025-03-31(16:04) ~ 2025-03-31(18:19) | D196: 1 | E196: 2.30시간 | F196: 0 | G196: 임상팀 | H196: Team Member | I196: 송영지 | J196: 24020102 | K196: 유연근무 | L196: 초과근무 | M196: 결재종결 | N196: 2025-04-02 | O196: 20250331_송영지_유연근무 신청의 건 (초과근로) | P196: 뉴로핏 주식회사-250402-임상팀-0001 | T196: SOP 교육 자료 최종화 | U196: =DATEVALUE(LEFT(C196,10)) -> 45747 | V196: =WEEKNUM(U196,21) -> 14 | W196: =MID(C196,12,5) -> 16:04 | X196: =MID(C196,32,5) -> 18:19 | Y196: =X196-W196 -> 0.09375 | Z196: =TEXT(U196, "YYYY-MM-DD aaa")&" ("&TEXT(W196, "hh:mm")&"~"&TEXT(X196, "hh:mm")&") : "&IF(MINUTE(Y196)=0, TEXT(Y196, "h시간"), TEXT(Y196, "h시간 m분")) -> 2025-03-31 월 (16:04~18:19) : 2시간 15분 | AB196: =_xlfn.XLOOKUP(I196, 기초데이터!$C$2:$C$305, 기초데이터!$U$2:$U$305) -> youngji.song@neurophet.com
A197: =SUBTOTAL(3,$I$2:I197)*1 -> 196 | B197: 25년 3월 | C197: 2025-03-29(09:41) ~ 2025-03-29(15:00) | D197: 1 | E197: 5.30시간 | F197: 0 | G197: 마케팅팀 | H197: Team Member | I197: 이승주 | J197: 23072601 | K197: 유연근무 | L197: 초과근무 | M197: 결재종결 | N197: 2025-04-01 | O197: 250329_마케팅팀(이승주) 초과 근무 신청 서 | P197: 뉴로핏 주식회사-250331-마케팅-0001 | T197: 조달청 사업 준비 | U197: =DATEVALUE(LEFT(C197,10)) -> 45745 | V197: =WEEKNUM(U197,21) -> 13 | W197: =MID(C197,12,5) -> 09:41 | X197: =MID(C197,32,5) -> 15:00 | Y197: =X197-W197 -> 0.22152778 | Z197: =TEXT(U197, "YYYY-MM-DD aaa")&" ("&TEXT(W197, "hh:mm")&"~"&TEXT(X197, "hh:mm")&") : "&IF(MINUTE(Y197)=0, TEXT(Y197, "h시간"), TEXT(Y197, "h시간 m분")) -> 2025-03-29 토 (09:41~15:00) : 5시간 19분 | AB197: =_xlfn.XLOOKUP(I197, 기초데이터!$C$2:$C$305, 기초데이터!$U$2:$U$305) -> sjsj0331@neurophet.com
A198: =SUBTOTAL(3,$I$2:I198)*1 -> 197 | B198: 25년 3월 | C198: 2025-03-28(17:30) ~ 2025-03-28(19:30) | D198: 1 | E198: 2.00시간 | F198: 0 | G198: AD팀 | H198: Team Lead | I198: 서강희 | J198: 22060201 | K198: 유연근무 | L198: 초과근무 | M198: 결재종결 | N198: 2025-03-31 | O198: 250328 서강희 유연근무 신청 | P198: 뉴로핏 주식회사-250328-AD팀-0001 | T198: AQUA AD 3.0 ARIA 다회차 분석 pipeline 구성 및 예외 처리, ARIA-E 사전 분석 방법 변경에 따른 수정 | U198: =DATEVALUE(LEFT(C198,10)) -> 45744 | V198: =WEEKNUM(U198,21) -> 13 | W198: =MID(C198,12,5) -> 17:30 | X198: =MID(C198,32,5) -> 19:30 | Y198: =X198-W198 -> 0.083333333 | Z198: =TEXT(U198, "YYYY-MM-DD aaa")&" ("&TEXT(W198, "hh:mm")&"~"&TEXT(X198, "hh:mm")&") : "&IF(MINUTE(Y198)=0, TEXT(Y198, "h시간"), TEXT(Y198, "h시간 m분")) -> 2025-03-28 금 (17:30~19:30) : 2시간 | AB198: =_xlfn.XLOOKUP(I198, 기초데이터!$C$2:$C$305, 기초데이터!$U$2:$U$305) -> kelly.seo@neurophet.com
A199: =SUBTOTAL(3,$I$2:I199)*1 -> 198 | B199: 25년 3월 | C199: 2025-03-28(18:20) ~ 2025-03-28(21:23) | D199: 1 | E199: 3.00시간 | F199: 0 | G199: RA팀 | H199: Team Member | I199: 정진우 | J199: 24010201 | K199: 유연근무 | L199: 초과근무 | M199: 결재종결 | N199: 2025-03-31 | O199: 250328_정진우_초과근무 신청 | P199: 뉴로핏 주식회사-250328-인증-0002 | T199: SCALE CTP 1.0 국내 기술문서 작성 | U199: =DATEVALUE(LEFT(C199,10)) -> 45744 | V199: =WEEKNUM(U199,21) -> 13 | W199: =MID(C199,12,5) -> 18:20 | X199: =MID(C199,32,5) -> 21:23 | Y199: =X199-W199 -> 0.12708333 | Z199: =TEXT(U199, "YYYY-MM-DD aaa")&" ("&TEXT(W199, "hh:mm")&"~"&TEXT(X199, "hh:mm")&") : "&IF(MINUTE(Y199)=0, TEXT(Y199, "h시간"), TEXT(Y199, "h시간 m분")) -> 2025-03-28 금 (18:20~21:23) : 3시간 3분 | AB199: =_xlfn.XLOOKUP(I199, 기초데이터!$C$2:$C$305, 기초데이터!$U$2:$U$305) -> jwjeong@neurophet.com
A200: =SUBTOTAL(3,$I$2:I200)*1 -> 199 | B200: 25년 3월 | C200: 2025-03-28(16:29) ~ 2025-03-28(18:59) | D200: 1 | E200: 2.50시간 | F200: 0 | G200: AR1팀 | H200: Team Member | I200: 김다현 | J200: 24060302 | K200: 유연근무 | L200: 초과근무 | M200: 결재종결 | N200: 2025-04-02 | O200: 250328_AR1팀(김다현)_유연근무(초과근무) | P200: 뉴로핏 주식회사-250331-AR1팀-0001 | T200: CLS-01 pilot model test 및 기존 코드 셋팅 | U200: =DATEVALUE(LEFT(C200,10)) -> 45744 | V200: =WEEKNUM(U200,21) -> 13 | W200: =MID(C200,12,5) -> 16:29 | X200: =MID(C200,32,5) -> 18:59 | Y200: =X200-W200 -> 0.10416667 | Z200: =TEXT(U200, "YYYY-MM-DD aaa")&" ("&TEXT(W200, "hh:mm")&"~"&TEXT(X200, "hh:mm")&") : "&IF(MINUTE(Y200)=0, TEXT(Y200, "h시간"), TEXT(Y200, "h시간 m분")) -> 2025-03-28 금 (16:29~18:59) : 2시간 30분 | AB200: =_xlfn.XLOOKUP(I200, 기초데이터!$C$2:$C$305, 기초데이터!$U$2:$U$305) -> dahyun@neurophet.com
A201: =SUBTOTAL(3,$I$2:I201)*1 -> 200 | B201: 25년 3월 | C201: 2025-03-27(17:30) ~ 2025-03-27(21:30) | D201: 1 | E201: 4.00시간 | F201: 0 | G201: AD팀 | H201: Team Lead | I201: 서강희 | J201: 22060201 | K201: 유연근무 | L201: 초과근무 | M201: 결재종결 | N201: 2025-03-31 | O201: 250327 서강희 유연근무 신청 | P201: 뉴로핏 주식회사-250327-AD팀-0004 | T201: AQUA AD 3.0 ARIA 다회차 분석 pipeline 구성 및 예외 처리, ARIA-E 사전 분석 이후 프로세스 구현 | U201: =DATEVALUE(LEFT(C201,10)) -> 45743 | V201: =WEEKNUM(U201,21) -> 13 | W201: =MID(C201,12,5) -> 17:30 | X201: =MID(C201,32,5) -> 21:30 | Y201: =X201-W201 -> 0.16666667 | Z201: =TEXT(U201, "YYYY-MM-DD aaa")&" ("&TEXT(W201, "hh:mm")&"~"&TEXT(X201, "hh:mm")&") : "&IF(MINUTE(Y201)=0, TEXT(Y201, "h시간"), TEXT(Y201, "h시간 m분")) -> 2025-03-27 목 (17:30~21:30) : 4시간 | AB201: =_xlfn.XLOOKUP(I201, 기초데이터!$C$2:$C$305, 기초데이터!$U$2:$U$305) -> kelly.seo@neurophet.com
... A222: =SUBTOTAL(3,$I$2:I222)*1 -> 221 | B222: 25년 3월 | C222: 2025-03-24(18:11) ~ 2025-03-24(21:31) | D222: 1 | E222: 3.30시간 | F222: 0 | G222: AQUA팀 | H222: Team Lead | I222: 전만재 | J222: 22021404 | K222: 유연근무 | L222: 초과근무 | M222: 결재종결 | N222: 2025-04-01 | O222: 250331_AQUA팀_전만재_유연근무 신청 | P222: 뉴로핏 주식회사-250401-AQUA팀-0002 | T222: AQUA 3.2 일정 준수 | U222: =DATEVALUE(LEFT(C222,10)) -> 45740 | V222: =WEEKNUM(U222,21) -> 13 | W222: =MID(C222,12,5) -> 18:11 | X222: =MID(C222,32,5) -> 21:31 | Y222: =X222-W222 -> 0.13888889 | Z222: =TEXT(U222, "YYYY-MM-DD aaa")&" ("&TEXT(W222, "hh:mm")&"~"&TEXT(X222, "hh:mm")&") : "&IF(MINUTE(Y222)=0, TEXT(Y222, "h시간"), TEXT(Y222, "h시간 m분")) -> 2025-03-24 월 (18:11~21:31) : 3시간 20분 | AB222: =_xlfn.XLOOKUP(I222, 기초데이터!$C$2:$C$305, 기초데이터!$U$2:$U$305) -> manjae.jeon@neurophet.com
A223: =SUBTOTAL(3,$I$2:I223)*1 -> 222 | B223: 25년 3월 | C223: 2025-03-23(14:08) ~ 2025-03-23(18:09) | D223: 1 | E223: 4.00시간 | F223: 0 | G223: AR3팀 | H223: Team Lead | I223: 양현식 | J223: 22030204 | K223: 유연근무 | L223: 초과근무 | M223: 결재종결 | N223: 2025-03-24 | O223: 20250322, 23_AR3팀_양현식_유연근무 신청서(초과근무) | P223: 뉴로핏 주식회사-250324-AR3팀-0004 | U223: =DATEVALUE(LEFT(C223,10)) -> 45739 | V223: =WEEKNUM(U223,21) -> 12 | W223: =MID(C223,12,5) -> 14:08 | X223: =MID(C223,32,5) -> 18:09 | Y223: =X223-W223 -> 0.16736111 | Z223: =TEXT(U223, "YYYY-MM-DD aaa")&" ("&TEXT(W223, "hh:mm")&"~"&TEXT(X223, "hh:mm")&") : "&IF(MINUTE(Y223)=0, TEXT(Y223, "h시간"), TEXT(Y223, "h시간 m분")) -> 2025-03-23 일 (14:08~18:09) : 4시간 1분 | AB223: =_xlfn.XLOOKUP(I223, 기초데이터!$C$2:$C$305, 기초데이터!$U$2:$U$305) -> hsyang@neurophet.com
A224: =SUBTOTAL(3,$I$2:I224)*1 -> 223 | B224: 25년 3월 | C224: 2025-03-23(11:41) ~ 2025-03-23(13:30) | D224: 1 | E224: 1.80시간 | F224: 0 | G224: AR3팀 | H224: Team Lead | I224: 양현식 | J224: 22030204 | K224: 유연근무 | L224: 초과근무 | M224: 결재종결 | N224: 2025-03-24 | O224: 20250322, 23_AR3팀_양현식_유연근무 신청서(초과근무) | P224: 뉴로핏 주식회사-250324-AR3팀-0004 | T224: SCALE MRA 엔진화 | U224: =DATEVALUE(LEFT(C224,10)) -> 45739 | V224: =WEEKNUM(U224,21) -> 12 | W224: =MID(C224,12,5) -> 11:41 | X224: =MID(C224,32,5) -> 13:30 | Y224: =X224-W224 -> 0.075694444 | Z224: =TEXT(U224, "YYYY-MM-DD aaa")&" ("&TEXT(W224, "hh:mm")&"~"&TEXT(X224, "hh:mm")&") : "&IF(MINUTE(Y224)=0, TEXT(Y224, "h시간"), TEXT(Y224, "h시간 m분")) -> 2025-03-23 일 (11:41~13:30) : 1시간 49분 | AB224: =_xlfn.XLOOKUP(I224, 기초데이터!$C$2:$C$305, 기초데이터!$U$2:$U$305) -> hsyang@neurophet.com
A225: =SUBTOTAL(3,$I$2:I225)*1 -> 224 | B225: 25년 3월 | C225: 2025-03-23(12:28) ~ 2025-03-23(13:31) | D225: 1 | E225: 1.10시간 | F225: 0 | G225: AR3팀 | H225: Team Member | I225: 김도연A | J225: 23091101 | K225: 유연근무 | L225: 초과근무 | M225: 결재종결 | N225: 2025-03-24 | O225: 20250324_AR3팀(김도연)_유연근무신청서 | P225: 뉴로핏 주식회사-250324-AR3팀-0005 | T225: - ventricle seg 요청 대응, seg detailed + detection box 결과 확인 | U225: =DATEVALUE(LEFT(C225,10)) -> 45739 | V225: =WEEKNUM(U225,21) -> 12 | W225: =MID(C225,12,5) -> 12:28 | X225: =MID(C225,32,5) -> 13:31 | Y225: =X225-W225 -> 0.04375 | Z225: =TEXT(U225, "YYYY-MM-DD aaa")&" ("&TEXT(W225, "hh:mm")&"~"&TEXT(X225, "hh:mm")&") : "&IF(MINUTE(Y225)=0, TEXT(Y225, "h시간"), TEXT(Y225, "h시간 m분")) -> 2025-03-23 일 (12:28~13:31) : 1시간 3분 | AB225: =_xlfn.XLOOKUP(I225, 기초데이터!$C$2:$C$305, 기초데이터!$U$2:$U$305) -> doyeon@neurophet.com
A226: =SUBTOTAL(3,$I$2:I226)*1 -> 225 | B226: 25년 3월 | C226: 2025-03-23(14:08) ~ 2025-03-23(16:59) | D226: 1 | E226: 2.90시간 | F226: 0 | G226: AR3팀 | H226: Team Member | I226: 김도연A | J226: 23091101 | K226: 유연근무 | L226: 초과근무 | M226: 결재종결 | N226: 2025-03-24 | O226: 20250324_AR3팀(김도연)_유연근무신청서 | P226: 뉴로핏 주식회사-250324-AR3팀-0006 | T226: - ventricle seg 요청 대응, seg detailed + detection box 결과 확인 | U226: =DATEVALUE(LEFT(C226,10)) -> 45739 | V226: =WEEKNUM(U226,21) -> 12 | W226: =MID(C226,12,5) -> 14:08 | X226: =MID(C226,32,5) -> 16:59 | Y226: =X226-W226 -> 0.11875 | Z226: =TEXT(U226, "YYYY-MM-DD aaa")&" ("&TEXT(W226, "hh:mm")&"~"&TEXT(X226, "hh:mm")&") : "&IF(MINUTE(Y226)=0, TEXT(Y226, "h시간"), TEXT(Y226, "h시간 m분")) -> 2025-03-23 일 (14:08~16:59) : 2시간 51분 | AB226: =_xlfn.XLOOKUP(I226, 기초데이터!$C$2:$C$305, 기초데이터!$U$2:$U$305) -> doyeon@neurophet.com
A227: =SUBTOTAL(3,$I$2:I227)*1 -> 226 | B227: 25년 3월 | C227: 2025-03-23(11:50) ~ 2025-03-23(17:07) | D227: 1 | E227: 5.30시간 | F227: 0 | G227: AR3팀 | H227: Team Member | I227: 김기연 | J227: 24030401 | K227: 유연근무 | L227: 초과근무 | M227: 결재종결 | N227: 2025-03-24 | O227: 250322-23_AR3팀_김기연_유연근무신청서 (초과근무) | P227: 뉴로핏 주식회사-250324-AR3팀-0001 | T227: Det02 seg detailed model 엔진화 | U227: =DATEVALUE(LEFT(C227,10)) -> 45739 | V227: =WEEKNUM(U227,21) -> 12 | W227: =MID(C227,12,5) -> 11:50 | X227: =MID(C227,32,5) -> 17:07 | Y227: =X227-W227 -> 0.22013889 | Z227: =TEXT(U227, "YYYY-MM-DD aaa")&" ("&TEXT(W227, "hh:mm")&"~"&TEXT(X227, "hh:mm")&") : "&IF(MINUTE(Y227)=0, TEXT(Y227, "h시간"), TEXT(Y227, "h시간 m분")) -> 2025-03-23 일 (11:50~17:07) : 5시간 17분 | AB227: =_xlfn.XLOOKUP(I227, 기초데이터!$C$2:$C$305, 기초데이터!$U$2:$U$305) -> kgy@neurophet.com
A228: =SUBTOTAL(3,$I$2:I228)*1 -> 227 | B228: 25년 3월 | C228: 2025-03-22(10:08) ~ 2025-03-22(16:53) | D228: 1 | E228: 6.80시간 | F228: 0 | G228: 마케팅팀 | H228: Team Member | I228: 이승주 | J228: 23072601 | K228: 유연근무 | L228: 초과근무 | M228: 결재종결 | N228: 2025-03-27 | O228: 250325_마케팅팀(이승주) 초과 근무 신청 | P228: 뉴로핏 주식회사-250325-마케팅-0004 | T228: 조달청 사업, 광주테크노파크 사업 준비 | U228: =DATEVALUE(LEFT(C228,10)) -> 45738 | V228: =WEEKNUM(U228,21) -> 12 | W228: =MID(C228,12,5) -> 10:08 | X228: =MID(C228,32,5) -> 16:53 | Y228: =X228-W228 -> 0.28125 | Z228: =TEXT(U228, "YYYY-MM-DD aaa")&" ("&TEXT(W228, "hh:mm")&"~"&TEXT(X228, "hh:mm")&") : "&IF(MINUTE(Y228)=0, TEXT(Y228, "h시간"), TEXT(Y228, "h시간 m분")) -> 2025-03-22 토 (10:08~16:53) : 6시간 45분 | AB228: =_xlfn.XLOOKUP(I228, 기초데이터!$C$2:$C$305, 기초데이터!$U$2:$U$305) -> sjsj0331@neurophet.com
A229: =SUBTOTAL(3,$I$2:I229)*1 -> 228 | B229: 25년 3월 | C229: 2025-03-22(11:39) ~ 2025-03-22(14:15) | D229: 1 | E229: 2.60시간 | F229: 0 | G229: AR3팀 | H229: Team Lead | I229: 양현식 | J229: 22030204 | K229: 유연근무 | L229: 초과근무 | M229: 결재종결 | N229: 2025-03-24 | O229: 20250322, 23_AR3팀_양현식_유연근무 신청서(초과근무) | P229: 뉴로핏 주식회사-250324-AR3팀-0004 | T229: SCALE MRA 엔진화 | U229: =DATEVALUE(LEFT(C229,10)) -> 45738 | V229: =WEEKNUM(U229,21) -> 12 | W229: =MID(C229,12,5) -> 11:39 | X229: =MID(C229,32,5) -> 14:15 | Y229: =X229-W229 -> 0.10833333 | Z229: =TEXT(U229, "YYYY-MM-DD aaa")&" ("&TEXT(W229, "hh:mm")&"~"&TEXT(X229, "hh:mm")&") : "&IF(MINUTE(Y229)=0, TEXT(Y229, "h시간"), TEXT(Y229, "h시간 m분")) -> 2025-03-22 토 (11:39~14:15) : 2시간 36분 | AB229: =_xlfn.XLOOKUP(I229, 기초데이터!$C$2:$C$305, 기초데이터!$U$2:$U$305) -> hsyang@neurophet.com
A230: =SUBTOTAL(3,$I$2:I230)*1 -> 229 | B230: 25년 3월 | C230: 2025-03-22(15:15) ~ 2025-03-22(17:11) | D230: 1 | E230: 1.90시간 | F230: 0 | G230: AR3팀 | H230: Team Lead | I230: 양현식 | J230: 22030204 | K230: 유연근무 | L230: 초과근무 | M230: 결재종결 | N230: 2025-03-24 | O230: 20250322, 23_AR3팀_양현식_유연근무 신청서(초과근무) | P230: 뉴로핏 주식회사-250324-AR3팀-0004 | U230: =DATEVALUE(LEFT(C230,10)) -> 45738 | V230: =WEEKNUM(U230,21) -> 12 | W230: =MID(C230,12,5) -> 15:15 | X230: =MID(C230,32,5) -> 17:11 | Y230: =X230-W230 -> 0.080555556 | Z230: =TEXT(U230, "YYYY-MM-DD aaa")&" ("&TEXT(W230, "hh:mm")&"~"&TEXT(X230, "hh:mm")&") : "&IF(MINUTE(Y230)=0, TEXT(Y230, "h시간"), TEXT(Y230, "h시간 m분")) -> 2025-03-22 토 (15:15~17:11) : 1시간 56분 | AB230: =_xlfn.XLOOKUP(I230, 기초데이터!$C$2:$C$305, 기초데이터!$U$2:$U$305) -> hsyang@neurophet.com
A231: =SUBTOTAL(3,$I$2:I231)*1 -> 230 | B231: 25년 3월 | C231: 2025-03-22(12:45) ~ 2025-03-22(14:10) | D231: 1 | E231: 1.40시간 | F231: 0 | G231: AR3팀 | H231: Team Member | I231: 김도연A | J231: 23091101 | K231: 유연근무 | L231: 초과근무 | M231: 결재종결 | N231: 2025-03-24 | O231: 20250324_AR3팀(김도연)_유연근무신청서 | P231: 뉴로핏 주식회사-250324-AR3팀-0005 | T231: - 엔진화 준비, regression + detection 결과 확인 | U231: =DATEVALUE(LEFT(C231,10)) -> 45738 | V231: =WEEKNUM(U231,21) -> 12 | W231: =MID(C231,12,5) -> 12:45 | X231: =MID(C231,32,5) -> 14:10 | Y231: =X231-W231 -> 0.059027778 | Z231: =TEXT(U231, "YYYY-MM-DD aaa")&" ("&TEXT(W231, "hh:mm")&"~"&TEXT(X231, "hh:mm")&") : "&IF(MINUTE(Y231)=0, TEXT(Y231, "h시간"), TEXT(Y231, "h시간 m분")) -> 2025-03-22 토 (12:45~14:10) : 1시간 25분 | AB231: =_xlfn.XLOOKUP(I231, 기초데이터!$C$2:$C$305, 기초데이터!$U$2:$U$305) -> doyeon@neurophet.com
A232: =SUBTOTAL(3,$I$2:I232)*1 -> 231 | B232: 25년 3월 | C232: 2025-03-22(15:17) ~ 2025-03-22(18:00) | D232: 1 | E232: 2.70시간 | F232: 0 | G232: AR3팀 | H232: Team Member | I232: 김도연A | J232: 23091101 | K232: 유연근무 | L232: 초과근무 | M232: 결재종결 | N232: 2025-03-24 | O232: 20250324_AR3팀(김도연)_유연근무신청서 | P232: 뉴로핏 주식회사-250324-AR3팀-0005 | T232: - 엔진화 준비, regression + detection 결과 확인 | U232: =DATEVALUE(LEFT(C232,10)) -> 45738 | V232: =WEEKNUM(U232,21) -> 12 | W232: =MID(C232,12,5) -> 15:17 | X232: =MID(C232,32,5) -> 18:00 | Y232: =X232-W232 -> 0.11319444 | Z232: =TEXT(U232, "YYYY-MM-DD aaa")&" ("&TEXT(W232, "hh:mm")&"~"&TEXT(X232, "hh:mm")&") : "&IF(MINUTE(Y232)=0, TEXT(Y232, "h시간"), TEXT(Y232, "h시간 m분")) -> 2025-03-22 토 (15:17~18:00) : 2시간 43분 | AB232: =_xlfn.XLOOKUP(I232, 기초데이터!$C$2:$C$305, 기초데이터!$U$2:$U$305) -> doyeon@neurophet.com
A233: =SUBTOTAL(3,$I$2:I233)*1 -> 232 | B233: 25년 3월 | C233: 2025-03-22(12:40) ~ 2025-03-22(18:10) | D233: 1 | E233: 5.50시간 | F233: 0 | G233: AR3팀 | H233: Team Member | I233: 김기연 | J233: 24030401 | K233: 유연근무 | L233: 초과근무 | M233: 결재종결 | N233: 2025-03-24 | O233: 250322-23_AR3팀_김기연_유연근무신청서 (초과근무) | P233: 뉴로핏 주식회사-250324-AR3팀-0001 | T233: Det02 seg detailed model 실험 확인 및 엔진화 준비 | U233: =DATEVALUE(LEFT(C233,10)) -> 45738 | V233: =WEEKNUM(U233,21) -> 12 | W233: =MID(C233,12,5) -> 12:40 | X233: =MID(C233,32,5) -> 18:10 | Y233: =X233-W233 -> 0.22916667 | Z233: =TEXT(U233, "YYYY-MM-DD aaa")&" ("&TEXT(W233, "hh:mm")&"~"&TEXT(X233, "hh:mm")&") : "&IF(MINUTE(Y233)=0, TEXT(Y233, "h시간"), TEXT(Y233, "h시간 m분")) -> 2025-03-22 토 (12:40~18:10) : 5시간 30분 | AB233: =_xlfn.XLOOKUP(I233, 기초데이터!$C$2:$C$305, 기초데이터!$U$2:$U$305) -> kgy@neurophet.com
A234: =SUBTOTAL(3,$I$2:I234)*1 -> 233 | B234: 25년 3월 | C234: 2025-03-21(17:30) ~ 2025-03-21(21:30) | D234: 1 | E234: 4.00시간 | F234: 0 | G234: AD팀 | H234: Team Lead | I234: 서강희 | J234: 22060201 | K234: 유연근무 | L234: 초과근무 | M234: 결재종결 | N234: 2025-03-23 | O234: 250321 서강희 유연근무 신청 | P234: 뉴로핏 주식회사-250321-AD팀-0001 | T234: AQUA AD 3.0 베이스라인 정의 분기 처리, ARIA-E 다회차 분석 pipeline 구성, Seg2image 1.2.0 적용 | U234: =DATEVALUE(LEFT(C234,10)) -> 45737 | V234: =WEEKNUM(U234,21) -> 12 | W234: =MID(C234,12,5) -> 17:30 | X234: =MID(C234,32,5) -> 21:30 | Y234: =X234-W234 -> 0.16666667 | Z234: =TEXT(U234, "YYYY-MM-DD aaa")&" ("&TEXT(W234, "hh:mm")&"~"&TEXT(X234, "hh:mm")&") : "&IF(MINUTE(Y234)=0, TEXT(Y234, "h시간"), TEXT(Y234, "h시간 m분")) -> 2025-03-21 금 (17:30~21:30) : 4시간 | AB234: =_xlfn.XLOOKUP(I234, 기초데이터!$C$2:$C$305, 기초데이터!$U$2:$U$305) -> kelly.seo@neurophet.com
A235: =SUBTOTAL(3,$I$2:I235)*1 -> 234 | B235: 25년 3월 | C235: 2025-03-21(18:40) ~ 2025-03-21(20:40) | D235: 1 | E235: 2.00시간 | F235: 0 | G235: NR1팀 | H235: Team Lead | I235: 최영심 | J235: 22030205 | K235: 유연근무 | L235: 초과근무 | M235: 결재종결 | N235: 2025-03-24 | O235: 250321_NR1팀_최영심_초과근무 | P235: 뉴로핏 주식회사-250321-NR1팀-0002 | T235: PET 2.0 FDA 긴급 보완 (~3/24) | U235: =DATEVALUE(LEFT(C235,10)) -> 45737 | V235: =WEEKNUM(U235,21) -> 12 | W235: =MID(C235,12,5) -> 18:40 | X235: =MID(C235,32,5) -> 20:40 | Y235: =X235-W235 -> 0.083333333 | Z235: =TEXT(U235, "YYYY-MM-DD aaa")&" ("&TEXT(W235, "hh:mm")&"~"&TEXT(X235, "hh:mm")&") : "&IF(MINUTE(Y235)=0, TEXT(Y235, "h시간"), TEXT(Y235, "h시간 m분")) -> 2025-03-21 금 (18:40~20:40) : 2시간 | AB235: =_xlfn.XLOOKUP(I235, 기초데이터!$C$2:$C$305, 기초데이터!$U$2:$U$305) -> yschoe@neurophet.com
A236: =SUBTOTAL(3,$I$2:I236)*1 -> 235 | B236: 25년 3월 | C236: 2025-03-21(16:43) ~ 2025-03-21(21:43) | D236: 1 | E236: 5.00시간 | F236: 0 | G236: RA팀 | H236: Team Member | I236: 정진우 | J236: 24010201 | K236: 유연근무 | L236: 초과근무 | M236: 결재종결 | N236: 2025-03-24 | O236: 250321_정진우_초과근무 신청 | P236: 뉴로핏 주식회사-250321-인증-0001 | T236: FDA 보완 | U236: =DATEVALUE(LEFT(C236,10)) -> 45737 | V236: =WEEKNUM(U236,21) -> 12 | W236: =MID(C236,12,5) -> 16:43 | X236: =MID(C236,32,5) -> 21:43 | Y236: =X236-W236 -> 0.20833333 | Z236: =TEXT(U236, "YYYY-MM-DD aaa")&" ("&TEXT(W236, "hh:mm")&"~"&TEXT(X236, "hh:mm")&") : "&IF(MINUTE(Y236)=0, TEXT(Y236, "h시간"), TEXT(Y236, "h시간 m분")) -> 2025-03-21 금 (16:43~21:43) : 5시간 | AB236: =_xlfn.XLOOKUP(I236, 기초데이터!$C$2:$C$305, 기초데이터!$U$2:$U$305) -> jwjeong@neurophet.com
A237: =SUBTOTAL(3,$I$2:I237)*1 -> 236 | B237: 25년 3월 | C237: 2025-03-21(18:18) ~ 2025-03-21(21:05) | D237: 1 | E237: 2.80시간 | F237: 0 | G237: AQUA팀 | H237: Team Lead | I237: 전만재 | J237: 22021404 | K237: 유연근무 | L237: 초과근무 | M237: 결재종결 | N237: 2025-03-31 | O237: 250324_AQUA팀_전만재_유연근무 신청 | P237: 뉴로핏 주식회사-250324-AQUA팀-0002 | T237: AQUA 3.2 일정 준수 | U237: =DATEVALUE(LEFT(C237,10)) -> 45737 | V237: =WEEKNUM(U237,21) -> 12 | W237: =MID(C237,12,5) -> 18:18 | X237: =MID(C237,32,5) -> 21:05 | Y237: =X237-W237 -> 0.11597222 | Z237: =TEXT(U237, "YYYY-MM-DD aaa")&" ("&TEXT(W237, "hh:mm")&"~"&TEXT(X237, "hh:mm")&") : "&IF(MINUTE(Y237)=0, TEXT(Y237, "h시간"), TEXT(Y237, "h시간 m분")) -> 2025-03-21 금 (18:18~21:05) : 2시간 47분 | AB237: =_xlfn.XLOOKUP(I237, 기초데이터!$C$2:$C$305, 기초데이터!$U$2:$U$305) -> manjae.jeon@neurophet.com
A238: =SUBTOTAL(3,$I$2:I238)*1 -> 237 | B238: 25년 3월 | C238: 2025-03-21(16:00) ~ 2025-03-21(18:00) | D238: 1 | E238: 2.00시간 | F238: 0 | G238: AQUA팀 | H238: Team Member | I238: 이승룡 | J238: 22121901 | K238: 유연근무 | L238: 초과근무 | M238: 결재종결 | N238: 2025-03-25 | O238: 250324_AQUA팀_이승룡 유연근무 신청 | P238: 뉴로핏 주식회사-250324-AQUA팀-0001 | T238: AQUA 3.2_Task의 Result Parsing 완료 | U238: =DATEVALUE(LEFT(C238,10)) -> 45737 | V238: =WEEKNUM(U238,21) -> 12 | W238: =MID(C238,12,5) -> 16:00 | X238: =MID(C238,32,5) -> 18:00 | Y238: =X238-W238 -> 0.083333333 | Z238: =TEXT(U238, "YYYY-MM-DD aaa")&" ("&TEXT(W238, "hh:mm")&"~"&TEXT(X238, "hh:mm")&") : "&IF(MINUTE(Y238)=0, TEXT(Y238, "h시간"), TEXT(Y238, "h시간 m분")) -> 2025-03-21 금 (16:00~18:00) : 2시간 | AB238: =_xlfn.XLOOKUP(I238, 기초데이터!$C$2:$C$305, 기초데이터!$U$2:$U$305) -> lsr@neurophet.com
A239: =SUBTOTAL(3,$I$2:I239)*1 -> 238 | B239: 25년 3월 | C239: 2025-03-21(19:25) ~ 2025-03-21(21:32) | D239: 1 | E239: 2.10시간 | F239: 0 | G239: AR2팀 | H239: Team Lead | I239: 이지연 | J239: 20102901 | K239: 유연근무 | L239: 초과근무 | M239: 결재종결 | N239: 2025-03-24 | O239: 250321_AR2팀(이지연)_유연근무(초과근무) | P239: 뉴로핏 주식회사-250324-AR2팀-0003 | T239: SCALE PET 2.0 FDA 보완 대응 | U239: =DATEVALUE(LEFT(C239,10)) -> 45737 | V239: =WEEKNUM(U239,21) -> 12 | W239: =MID(C239,12,5) -> 19:25 | X239: =MID(C239,32,5) -> 21:32 | Y239: =X239-W239 -> 0.088194444 | Z239: =TEXT(U239, "YYYY-MM-DD aaa")&" ("&TEXT(W239, "hh:mm")&"~"&TEXT(X239, "hh:mm")&") : "&IF(MINUTE(Y239)=0, TEXT(Y239, "h시간"), TEXT(Y239, "h시간 m분")) -> 2025-03-21 금 (19:25~21:32) : 2시간 7분 | AB239: =_xlfn.XLOOKUP(I239, 기초데이터!$C$2:$C$305, 기초데이터!$U$2:$U$305) -> jylee@neurophet.com
A240: =SUBTOTAL(3,$I$2:I240)*1 -> 239 | B240: 25년 3월 | C240: 2025-03-04(19:07) ~ 2025-03-04(21:47) | D240: 1 | E240: 2.70시간 | F240: 0 | G240: AQUA팀 | H240: Team Member | I240: 하신영 | J240: 24061701 | K240: 유연근무 | L240: 초과근무 | M240: 결재종결 | N240: 2025-04-01 | O240: 250331_AQUA팀_하신영 유연근무신청 | P240: 뉴로핏 주식회사-250331-AQUA팀-0003 | T240: AQUA 3.2 기한 준수 | U240: =DATEVALUE(LEFT(C240,10)) -> 45720 | V240: =WEEKNUM(U240,21) -> 10 | W240: =MID(C240,12,5) -> 19:07 | X240: =MID(C240,32,5) -> 21:47 | Y240: =X240-W240 -> 0.11111111 | Z240: =TEXT(U240, "YYYY-MM-DD aaa")&" ("&TEXT(W240, "hh:mm")&"~"&TEXT(X240, "hh:mm")&") : "&IF(MINUTE(Y240)=0, TEXT(Y240, "h시간"), TEXT(Y240, "h시간 m분")) -> 2025-03-04 화 (19:07~21:47) : 2시간 40분 | AB240: =_xlfn.XLOOKUP(I240, 기초데이터!$C$2:$C$305, 기초데이터!$U$2:$U$305) -> sy.ha@neurophet.com
A241: =SUBTOTAL(3,$I$2:I241)*1 -> 240 | B241: 25년 3월 | C241: 2025-03-20(19:58) ~ 2025-03-20(21:58) | D241: 1 | E241: 2.00시간 | F241: 0 | G241: AIOps팀 | H241: Team Member | I241: 정의석 | J241: 21083001 | K241: 유연근무 | L241: 초과근무 | M241: 결재종결 | N241: 2025-03-21 | O241: 250320_정의석_유연근무신청서 | P241: 뉴로핏 주식회사-250321-AIOps팀-0004 | T241: ARIA-H 엔진 작업 | U241: =DATEVALUE(LEFT(C241,10)) -> 45736 | V241: =WEEKNUM(U241,21) -> 12 | W241: =MID(C241,12,5) -> 19:58 | X241: =MID(C241,32,5) -> 21:58 | Y241: =X241-W241 -> 0.083333333 | Z241: =TEXT(U241, "YYYY-MM-DD aaa")&" ("&TEXT(W241, "hh:mm")&"~"&TEXT(X241, "hh:mm")&") : "&IF(MINUTE(Y241)=0, TEXT(Y241, "h시간"), TEXT(Y241, "h시간 m분")) -> 2025-03-20 목 (19:58~21:58) : 2시간 | AB241: =_xlfn.XLOOKUP(I241, 기초데이터!$C$2:$C$305, 기초데이터!$U$2:$U$305) -> esjeong@neurophet.com
A242: =SUBTOTAL(3,$I$2:I242)*1 -> 241 | B242: 25년 3월 | C242: 2025-03-20(17:47) ~ 2025-03-20(21:30) | D242: 1 | E242: 3.70시간 | F242: 0 | G242: Vascular팀 | H242: Team Member | I242: 인치수 | J242: 24040801 | K242: 유연근무 | L242: 초과근무 | M242: 결재종결 | N242: 2025-03-24 | O242: 20250320_유연근무신청서_인치수 | P242: 뉴로핏 주식회사-250321-Vascular팀-0002 | T242: 프로젝트 마일스톤 일정 준수를 위한 분석결과 뷰어 기능구현이 요구됨 | U242: =DATEVALUE(LEFT(C242,10)) -> 45736 | V242: =WEEKNUM(U242,21) -> 12 | W242: =MID(C242,12,5) -> 17:47 | X242: =MID(C242,32,5) -> 21:30 | Y242: =X242-W242 -> 0.15486111 | Z242: =TEXT(U242, "YYYY-MM-DD aaa")&" ("&TEXT(W242, "hh:mm")&"~"&TEXT(X242, "hh:mm")&") : "&IF(MINUTE(Y242)=0, TEXT(Y242, "h시간"), TEXT(Y242, "h시간 m분")) -> 2025-03-20 목 (17:47~21:30) : 3시간 43분 | AB242: =_xlfn.XLOOKUP(I242, 기초데이터!$C$2:$C$305, 기초데이터!$U$2:$U$305) -> cheesu@neurophet.com
... A330: =SUBTOTAL(3,$I$2:I330)*1 -> 329 | B330: 25년 3월 | C330: 2025-03-27(19:14) ~ 2025-03-27(22:04) | D330: 1 | E330: 2.80시간 | F330: 0 | G330: AQUA팀 | H330: Team Member | I330: 하신영 | J330: 24061701 | K330: 유연근무 | L330: 초과근무 | M330: 결재종결 | N330: 2025-04-01 | O330: 250331_AQUA팀_하신영 유연근무신청 | P330: 뉴로핏 주식회사-250331-AQUA팀-0006 | T330: AQUA 3.2 기한 준수 | U330: =DATEVALUE(LEFT(C330,10)) -> 45743 | V330: =WEEKNUM(U330,21) -> 13 | W330: =MID(C330,12,5) -> 19:14 | X330: =MID(C330,32,5) -> 22:04 | Y330: =X330-W330 -> 0.11805556 | Z330: =TEXT(U330, "YYYY-MM-DD aaa")&" ("&TEXT(W330, "hh:mm")&"~"&TEXT(X330, "hh:mm")&") : "&IF(MINUTE(Y330)=0, TEXT(Y330, "h시간"), TEXT(Y330, "h시간 m분")) -> 2025-03-27 목 (19:14~22:04) : 2시간 50분 | AB330: =_xlfn.XLOOKUP(I330, 기초데이터!$C$2:$C$305, 기초데이터!$U$2:$U$305) -> sy.ha@neurophet.com

Sheet 페이지
A2: 조회 | B2: 연월구분
A6: No | B6: 성명 | C6: 이메일 주소 | D6: 초과근무 내용 | E6: 초과근무 합
A7: 1 | B7: 하신영 | C7: sy.ha@neurophet.com | D7: 2025-02-27 목 (17:42~22:08) : 4시간 26분 2025-03-04 화 (19:07~21:47) : 2시간 40분 2025-03-05 수 (18:58~22:02) : 3시간 4분 2025-03-06 목 (18:27~22:23) : 3시간 56분 2025-03-07 금 (18:27~20:52) : 2시간 25분 2025-03-10 월 (19:04~22:09) : 3시간 5분 2025-03-11 화 (19:05~22:52) : 3시간 47분 2025-03-12 수 (19:00~21:26) : 2시간 26분 2025-03-13 목 (19:01~21:55) : 2시간 54분 2025-03-18 화 (19:23~21:49) : 2시간 26분 2025-03-21 금 (18:29~20:51) : 2시간 22분 2025-03-24 월 (18:28~21:13) : 2시간 45분 2025-03-27 목 (19:14~22:04) : 2시간 50분 | E7: 41시간 25분

Sheet 기초데이터
A1: {=_xlfn.UNIQUE([1]기초데이터!$A$3:$U$307)} -> 순서 | B1: 사번 | C1: 성명 | D1: 본부 | E1: 팀 | F1: 직무 | G1: 직위 | H1: 직책 | I1: 입사일 | J1: 정규직전환일 | K1: 고용구분 | L1: 대외제출용 인원구분 | M1: 재직상태 | N1: 주민등록번호 | O1: 생년월일 | P1: 남/여 | Q1: 나이 | R1: 만나이 | S1: 핸드폰 | T1: 주소 | U1: E-Mail
A2: 1 | B2: 16031401 | C2: 빈준길 | D2: 대표이사 | E2: 대표이사 | F2: 대표이사 | G2: Co-CEO | H2: C-LEVEL | I2: 42443 | J2: 42443 | K2: 정규직 | L2: 임원 | M2: 재직 | N2: 880328-1851618 | O2: 32230 | P2: 남 | Q2: 38 | R2: 37 | S2: 010-5004-8779 | T2: 서울특별시 영등포구 도신로29길 28, 202동 202호 | U2: jkbeen@neurophet.com
A3: 2 | B3: 16031402 | C3: 김동현 | D3: 대표이사 | E3: 연구본부 | F3: 공동대표이사 및 연구개발 총괄 | G3: Co-CEO / CTO | H3: C-LEVEL | I3: 42443 | J3: 42443 | K3: 정규직 | L3: 임원 | M3: 재직 | N3: 870721-1860421 | O3: 31979 | P3: 남 | Q3: 39 | R3: 37 | S3: 010-9361-3781 | T3: 경기도 남양주시 경춘로 859번길 17-26(금곡동) | U3: donghyeon.kim@neurophet.com
A4: 3 | B4: 17030101 | C4: 윤계현 | D4: 경영본부 | E4: 자금팀 | F4: 재무 | G4: Lead | H4: 팀리드 | I4: 42795 | J4: 42795 | K4: 정규직 | L4: 사무직 | M4: 재직 | N4: 780715-1473610 | O4: 28686 | P4: 남 | Q4: 48 | R4: 46 | S4: 010-9144-4813 | T4: 서울특별시 강동구 천호동 21-205번지 | U4: khyoon@neurophet.com
A5: 4 | B5: 17122101 | C5: 한상진 | D5: 프로덕트본부 | E5: PM팀 | F5: PM | G5: Lead | H5: 팀리드 | I5: 43090 | J5: 43090 | K5: 정규직 | L5: 연구직 | M5: 재직 | N5: 880803-1490616 | O5: 32358 | P5: 남 | Q5: 38 | R5: 36 | S5: 010-2606-0461 | T5: 서울특별시 서초구 강남대로8길 66-5 302호 | U5: sjhan@neurophet.com
A6: 5 | B6: 19020102 | C6: 김태영 | D6: 연구본부 | E6: 임상연구실 | F6: 임상연구 | G6: Director | H6: 실리드 | I6: 43507 | J6: 43507 | K6: 정규직 | L6: 연구직 | M6: 재직 | N6: 900205-2588017 | O6: 32909 | P6: 여 | Q6: 36 | R6: 35 | S6: 010-3757-8384 | T6: 경기도 용인시 수지구 포은대로 경기도 용인시 수지구 포은대로313번길 7-10 105동 3002호 | U6: ty.kim@neurophet.com
A7: 6 | B7: 20020102 | C7: 이민호 | D7: 연구본부 | E7: AR실 | F7: AI연구 | G7: Director | H7: 실리드 | I7: 43862 | J7: 43862 | K7: 정규직 | L7: 연구직 | M7: 재직 | N7: 820812-1702737 | O7: 30175 | P7: 남 | Q7: 44 | R7: 42 | S7: 010-2780-2180 | T7: 경기도 고양시 일산서구 덕산로 277-4, 아펠리움 101동 301호 | U7: minho.lee@neurophet.com
A8: 7 | B8: 20030103 | C8: 이창훈 | D8: 프로덕트본부 | E8: 개발1실 | F8: 개발 | G8: Director | H8: 실리드 | I8: 43891 | J8: 43891 | K8: 정규직 | L8: 연구직 | M8: 재직 | N8: 750223-1403514 | O8: 27417 | P8: 남 | Q8: 51 | R8: 50 | S8: 010-2744-4757 | T8: 서울특별시 강동구 양재대로 1706(아남아파트) 8동 1804호 | U8: leech.lee@neurophet.com
A9: 8 | B9: 20030106 | C9: 허진이 | D9: 대표이사 | E9: 인사팀 | F9: 인사 | G9: Member | H9: 멤버 | I9: 43891 | J9: 43891 | K9: 정규직 | L9: 사무직 | M9: 재직 | N9: 981117-2474420 | O9: 36116 | P9: 여 | Q9: 28 | R9: 26 | S9: 010-5592-1057 | T9: 서울특별시 마포구 토정로 31길 24 마포리버파크 109동 402호 | U9: jiniheo@neurophet.com
A10: 9 | B10: 20031201 | C10: 경채윤 | D10: 프로덕트본부 | E10: SCM팀 | F10: 생산관리 | G10: Member | H10: 멤버 | I10: 43902 | J10: 43902 | K10: 정규직 | L10: 연구직 | M10: 재직 | N10: 890320-2214115 | O10: 32587 | P10: 여 | Q10: 37 | R10: 36 | S10: 010-5049-7358 | T10: 경기도 화성시 영통로 61번길 10 신영통현대 1단지 103동 1003호 | U10: cykyung@neurophet.com
A11: 10 | B11: 20051801 | C11: 김은영 | D11: 연구본부 | E11: NI실 | F11: 뇌영상분석연구 | G11: Director | H11: 실리드 | I11: 43969 | J11: 43969 | K11: 정규직 | L11: 연구직 | M11: 재직 | N11: 820111-2024619 | O11: 29962 | P11: 여 | Q11: 44 | R11: 43 | S11: 010-4022-3152 | T11: 서울특별시 강남구 개포로310, 148동 2304호 | U11: reginaeunyoungkim@neurophet.com
A12: 11 | B12: 20062901 | C12: 류준환 | D12: 연구본부 | E12: AR1팀 | F12: AI연구 | G12: Lead | H12: 팀리드 | I12: 44011 | J12: 44011 | K12: 정규직 | L12: 연구직 | M12: 재직 | N12: 891019-1047818 | O12: 32800 | P12: 남 | Q12: 37 | R12: 35 | S12: 010-6229-1650 | T12: 경기도 성남시 분당구 정자2동 한솔마을 4단지 415 - 1801호 | U12: clarence@neurophet.com
A13: 12 | B13: 20070103 | C13: 송단비 | D13: 연구본부 | E13: 임상팀 | F13: 임상연구 | G13: Lead | H13: 팀리드 | I13: 44013 | J13: 44013 | K13: 정규직 | L13: 연구직 | M13: 재직 | N13: 880503-2408617 | O13: 32266 | P13: 여 | Q13: 38 | R13: 36 | S13: 010-9053-1523 | T13: 서울특별시 송파구 백제고분로12길 3-22 302호 | U13: dbsong@neurophet.com
... A228: 227 | B228: 21020101 | C228: 손명수 | D228: 프로덕트본부 | E228: Frontend팀 | F228: Front_End개발 | G228: Member | H228: 멤버 | I228: 44228 | J228: 44228 | K228: 정규직 | L228: 연구직 | M228: 퇴직 | N228: 960830-1167725 | O228: 35307 | P228: 남 | Q228: 30 | R228: 28 | S228: 010-6282-3838 | T228: 경기도 성남시 수정구 남문로 69번길 5-10 | U228: msson@neurophet.com
A229: 228 | B229: 22020703 | C229: 백성인 | D229: 연구본부 | E229: 임상연구팀 | F229: 임상시험 | G229: Temporary | H229: 계약직 | I229: 44599 | J229: 44599 | K229: 계약직 | L229: 사무직 | M229: 퇴직 | N229: 980410-1524919 | O229: 35895 | P229: 남 | Q229: 28 | R229: 26 | S229: 010-2539-4706 | T229: 서울특별시 은평구 불광로22길 16 (대신리젠츠) 201호 | U229: 0
A230: 229 | B230: 22070401 | C230: 우상아 | D230: 연구본부 | E230: TechOps팀 | F230: 데이터검수 | G230: Temporary | H230: 계약직 | I230: 44746 | J230: 44746 | K230: 계약직 | L230: 사무직 | M230: 퇴직 | N230: 930412-2164011 | O230: 34071 | P230: 여 | Q230: 33 | R230: 31 | S230: 010-5721-1370 | T230: 경기도 수원시 장안구 파장천로66번길 106-9 304호 | U230: sangah@neurophet.com
A231: 230 | B231: 20030102 | C231: 변종원 | D231: 프로덕트본부 | E231: Backend팀 | F231: 서버개발 | G231: Member | H231: 멤버 | I231: 43891 | J231: 43891 | K231: 정규직 | L231: 연구직 | M231: 퇴직 | N231: 701001-1029429 | O231: 25842 | P231: 남 | Q231: 56 | R231: 54 | S231: 010-5040-0011 | T231: 경기도 고양시 일산동구 중산로 206 (중산동, 중산마을) 704동 403호 | U231: martin.byun@neurophet.com
A232: 231 | B232: 20070101 | C232: 이국행 | D232: 프로덕트본부 | E232: Backend팀 | F232: 서버개발 | G232: Member | H232: 멤버 | I232: 44013 | J232: 44013 | K232: 정규직 | L232: 연구직 | M232: 퇴직 | N232: 740925-1654910 | O232: 27297 | P232: 남 | Q232: 52 | R232: 50 | S232: 010-5472-5956 | T232: 서울특별시 강동구 아리수로 50길 50, 102동 302호 | U232: khlee@neurophet.com
A233: 232 | B233: 20070102 | C233: 권혜은 | D233: 프로덕트본부 | E233: Backend팀 | F233: 서버개발 | G233: Member | H233: 멤버 | I233: 44013 | J233: 44013 | K233: 정규직 | L233: 연구직 | M233: 퇴직 | N233: 770125-2812415 | O233: 28150 | P233: 여 | Q233: 49 | R233: 48 | S233: 010-2012-5023 | T233: 서울특별시 노원구 섬밭로 123 301-1406 | U233: hyeeun@neurophet.com
A234: 233 | B234: 21121301 | C234: 조성자 | D234: 연구본부 | E234: 의학팀 | F234: Medical Direct | G234: Member | H234: 멤버 | I234: 44543 | J234: 44543 | K234: 정규직 | L234: 연구직 | M234: 퇴직 | N234: 640603-2068715 | O234: 23531 | P234: 여 | Q234: 62 | R234: 60 | S234: 010-5311-6804 | T234: 서울특별시 관악구 관악로 263 관악브라운스톤 102동 302호 | U234: sungjacho@neurophet.com
A235: 234 | B235: 21090101 | C235: 변인철 | D235: 비즈니스본부 | E235: 세일즈팀 | F235: 영업 | G235: Lead | H235: 팀리드 | I235: 44440 | J235: 44440 | K235: 정규직 | L235: 사무직 | M235: 퇴직 | N235: 830102-1928212 | O235: 30318 | P235: 남 | Q235: 43 | R235: 42 | S235: 010-2042-7898 | T235: 서울특별시 마포구 상암동 월드컵파크4단지 401동402호 | U235: icbyun@neurophet.com
A236: 235 | B236: 20030104 | C236: 백선우 | D236: 비즈니스본부 | E236: 세일즈팀 | F236: 영업 | G236: Member | H236: 멤버 | I236: 43891 | J236: 43891 | K236: 정규직 | L236: 사무직 | M236: 퇴직 | N236: 820125-1226710 | O236: 29976 | P236: 남 | Q236: 44 | R236: 43 | S236: 010-4525-2187 | T236: 경기도 고양시 일산서구 일산로 488 후곡13단지 1301동 207호 | U236: sunwoo.paek@neurophet.com
A237: 236 | B237: 21091304 | C237: 임창대 | D237: 연구본부 | E237: TechOps팀 | F237: 데이터검수 | G237: Temporary | H237: 계약직 | I237: 44452 | J237: 44452 | K237: 계약직 | L237: 사무직 | M237: 퇴직 | N237: 981201-1330919 | O237: 36130 | P237: 남 | Q237: 28 | R237: 26 | S237: 010-3191-1146 | T237: 서울특별시 중랑구 면목로80길6 400호(면목동,씨티플러스) | U237: changdae.yim@neurophet.com
A238: 237 | B238: 22032101 | C238: 유지영 | D238: 연구본부 | E238: TechOps팀 | F238: 데이터검수 | G238: Temporary | H238: 계약직 | I238: 44641 | J238: 44641 | K238: 계약직 | L238: 사무직 | M238: 퇴직 | N238: 961017-2051125 | O238: 35355 | P238: 여 | Q238: 30 | R238: 28 | S238: 010-2734-2881 | T238: 서울특별시 은평구 진흥로 84-1 태경쉐르빌 501호 | U238: jiyeong.yoo@neurophet.com
A239: 238 | B239: 22040402 | C239: 전은실 | D239: 연구본부 | E239: TechOps팀 | F239: 데이터검수 | G239: Temporary | H239: 계약직 | I239: 44655 | J239: 44655 | K239: 계약직 | L239: 사무직 | M239: 퇴직 | N239: 980810-2018114 | O239: 36017 | P239: 여 | Q239: 28 | R239: 26 | S239: 010-4943-0992 | T239: 경기도 양주시 삼숭로58번길 141 자이아파트 707동 1203호 | U239: eunsil.jeon@neurophet.com
A240: 239 | B240: 22041103 | C240: 이재혁 | D240: 연구본부 | E240: TechOps팀 | F240: 데이터검수 | G240: Temporary | H240: 계약직 | I240: 44662 | J240: 44662 | K240: 계약직 | L240: 사무직 | M240: 퇴직 | N240: 000321-3409913 | O240: 36606 | P240: 남 | Q240: 26 | R240: 25 | S240: 010-2950-4757 | T240: 서울특별시 강동구 양재대로 1706, 8동 1804호 | U240: jaehyuk.lee@neurophet.com
A241: 240 | B241: 22040401 | C241: 이준혁 | D241: 연구본부 | E241: TechOps팀 | F241: 데이터검수 | G241: Temporary | H241: 계약직 | I241: 44655 | J241: 44655 | K241: 계약직 | L241: 사무직 | M241: 퇴직 | N241: 980705-1816718 | O241: 35981 | P241: 남 | Q241: 28 | R241: 26 | S241: 010-9676-1715 | T241: 서울특별시 도봉구 도봉로109가길 5 301호 | U241: junhyeok.lee@neurophet.com
... A244: 243 | B244: 20030101 | C244: 박재형 | D244: 비즈니스본부 | E244: 비즈니스본부 | F244: CBO | G244: CBO | H244: C-LEVEL | I244: 43891 | J244: 43891 | K244: 정규직 | L244: 사무직 | M244: 퇴직 | N244: 740325-1080719 | O244: 27113 | P244: 남 | Q244: 52 | R244: 51 | S244: 010-5260-7632 | T244: 서울특별시 동작구 노량진동 332번지 쌍용예가 101-102 | U244: jh.park@neurophet.com
A245: 244 | B245: 21091303 | C245: 김은비 | D245: 연구본부 | E245: TechOps팀 | F245: 레이블링 | G245: Temporary | H245: 계약직 | I245: 44452 | J245: 44452 | K245: 계약직 | L245: 사무직 | M245: 퇴직 | N245: 980608-2194618 | O245: 35954 | P245: 여 | Q245: 28 | R245: 26 | S245: 0 | T245: 경기 안양시 동안구 일동로 172, 202호 | U245: 0
A246: 245 | B246: 21120101 | C246: 김승환 | D246: 비즈니스본부 | E246: 마케팅팀 | F246: 마케팅 | G246: Member | H246: 멤버 | I246: 44531 | J246: 44531 | K246: 정규직 | L246: 사무직 | M246: 퇴직 | N246: 830106-1169811 | O246: 30322 | P246: 남 | Q246: 43 | R246: 42 | S246: 010-9925-2244 | T246: 경기도 성남시 수정구 위례광장로 97 위례자연앤센트럴자이 3202동 403호 | U246: shkim@neurophet.com
A247: 246 | B247: 20072701 | C247: 한재우 | D247: 프로덕트본부 | E247: Frontend팀 | F247: Front_End개발 | G247: Member | H247: 멤버 | I247: 44039 | J247: 44039 | K247: 정규직 | L247: 연구직 | M247: 퇴직 | N247: 891012-1408216 | O247: 32793 | P247: 남 | Q247: 37 | R247: 35 | S247: 010-4819-1012 | T247: 서울시 양천구 목동동로 50 1220동 903호 | U247: jaewoo.han@neurophet.com
A248: 247 | B248: 21101401 | C248: 김원정 | D248: 연구본부 | E248: 임상연구팀 | F248: 임상연구지원 | G248: Temporary | H248: 계약직 | I248: 44483 | J248: 44483 | K248: 계약직 | L248: 사무직 | M248: 퇴직 | N248: 880810-2081614 | O248: 32365 | P248: 여 | Q248: 38 | R248: 36 | S248: 0 | T248: 서울시 강동구 천호옉14길 | U248: 0
A249: 248 | B249: 18020101 | C249: 김다연 | D249: 경영본부 | E249: 재무팀 | F249: 재무 | G249: Member | H249: 멤버 | I249: 43132 | J249: 43132 | K249: 정규직 | L249: 사무직 | M249: 퇴직 | N249: 900416-2158313 | O249: 32979 | P249: 여 | Q249: 36 | R249: 34 | S249: 010-9557-5460 | T249: 인천시 남동구 서창남순환로 190-100, 604동 1702호 | U249: dykim@neurophet.com
A250: 249 | B250: 20122101 | C250: 홍서연 | D250: 프로덕트본부 | E250: QA팀 | F250: QC | G250: Member | H250: 멤버 | I250: 44186 | J250: 44186 | K250: 정규직 | L250: 연구직 | M250: 퇴직 | N250: 931012-2184534 | O250: 34254 | P250: 여 | Q250: 33 | R250: 31 | S250: 010-6291-0179 | T250: 경기도 부천시 소사구 안곡로4 209-807 | U250: syhong@neurophet.com
A251: 250 | B251: 20122102 | C251: 신윤하 | D251: 연구본부 | E251: Neuroimaging팀 | F251: 신경망 | G251: Member | H251: 멤버 | I251: 44186 | J251: 44186 | K251: 정규직 | L251: 연구직 | M251: 퇴직 | N251: 880510-2055628 | O251: 32273 | P251: 여 | Q251: 38 | R251: 36 | S251: 010-9122-8339 | T251: 서울특별시 영등포구 선유동2로 56 205동 1105호 | U251: eyshin@neurophet.com
A252: 251 | B252: 21090601 | C252: 남혜령 | D252: 연구본부 | E252: Neuroimaging팀 | F252: 신경망 | G252: Member | H252: 멤버 | I252: 44445 | J252: 44445 | K252: 정규직 | L252: 연구직 | M252: 퇴직 | N252: 900617-2183113 | O252: 33041 | P252: 여 | Q252: 36 | R252: 34 | S252: 010-2255-2728 | T252: 경기도 안산시 사세충열로 4길 19 꿈애그린빌 A동 401호 | U252: hrnam@neurophet.com
A253: 252 | B253: 20051101 | C253: 고봉석 | D253: 연구본부 | E253: Neuroengineering | F253: Planning | G253: Member | H253: 멤버 | I253: 43962 | J253: 43962 | K253: 정규직 | L253: 연구직 | M253: 퇴직 | N253: 930705-1019014 | O253: 34155 | P253: 남 | Q253: 33 | R253: 31 | S253: 010-2573-5546 | T253: 경기도 성남시 궁내동 궁내로 7번길 14 동양파크타운 111동 203호 | U253: bsko@neurophet.com
A254: 253 | B254: 20020101 | C254: 김대희 | D254: 프로덕트본부 | E254: 개발팀 | F254: 개발총괄 | G254: Director | H254: 멤버 | I254: 43862 | J254: 43862 | K254: 정규직 | L254: 연구직 | M254: 퇴직 | N254: 721223-1785418 | O254: 26656 | P254: 남 | Q254: 54 | R254: 52 | S254: 010-8255-1053 | T254: 경기도 부천시 중동로 64, 105동 503호(송내동, 부천중동역푸르지오아파트) | U254: dh.kim@neurophet.com
A255: 254 | B255: 21050301 | C255: 김지호 | D255: 프로덕트본부 | E255: QA팀 | F255: QA | G255: Lead | H255: 멤버 | I255: 44319 | J255: 44319 | K255: 정규직 | L255: 연구직 | M255: 퇴직 | N255: 860703-1561418 | O255: 31596 | P255: 남 | Q255: 40 | R255: 38 | S255: 0 | T255: 경기도 안양시 동안구 시민대로 266 (관양동, 평촌샤르망오피스텔) 1327호 | U255: 0
A256: 255 | B256: 21102501 | C256: 장진원 | D256: 사업개발본부 | E256: 사업개발본부 | F256: 해외사업 | G256: Member | H256: 멤버 | I256: 44494 | J256: 44494 | K256: 정규직 | L256: 사무직 | M256: 퇴직 | N256: 810907-5100138 | O256: 29836 | P256: 남 | Q256: 45 | R256: 43 | S256: 010-2071-4447 | T256: 서울특별시 용산구 원효로 63길 22 201호 | U256: jwjang@neurophet.com
A257: 256 | B257: 21080201 | C257: 김경환 | D257: 연구본부 | E257: 인증 | F257: RA | G257: Member | H257: 멤버 | I257: 44410 | J257: 44410 | K257: 정규직 | L257: 연구직 | M257: 퇴직 | N257: 931103-1075715 | O257: 34276 | P257: 남 | Q257: 33 | R257: 31 | S257: 010-8962-8547 | T257: 서울시 중랑구 신내역로 160, 401동 703호 | U257: kh.kim@neurophet.com
A258: 257 | B258: 19120101 | C258: 박세진 | D258: 경영본부 | E258: 운영팀 | F258: Operation Lead | G258: Lead | H258: 멤버 | I258: 43800 | J258: 43800 | K258: 정규직 | L258: 사무직 | M258: 퇴직 | N258: 700420-1068911 | O258: 25678 | P258: 남 | Q258: 56 | R258: 54 | S258: 010-6235-6430 | T258: 서울시 송파구 송파동 43번지 송광빌딩 501호 | U258: blue420@neurophet.com
A259: 258 | B259: 21072601 | C259: 양서영 | D259: 프로덕트본부 | E259: 기획팀 | F259: 디자인 | G259: Member | H259: 멤버 | I259: 44403 | J259: 44403 | K259: 정규직 | L259: 연구직 | M259: 퇴직 | N259: 901202-2157718 | O259: 33209 | P259: 여 | Q259: 36 | R259: 34 | S259: 010-5159-7734 | T259: 경기도 남양주시 호평동 라인아파트 104동 902호 | U259: seoyoung@neurophet.com
A260: 259 | B260: 19110101 | C260: 신현묵 | D260: 프로덕트본부 | E260: R&D Unit | F260: CSO | G260: CSO | H260: C-LEVEL | I260: 43770 | J260: 43770 | K260: 정규직 | L260: 연구직 | M260: 퇴직 | N260: 720301-1149715 | O260: 26359 | P260: 남 | Q260: 54 | R260: 53 | S260: 010-9972-1760 | T260: 경기도 고양시 일산동구 산두로 72 201-204 | U260: sean.shin@neurophet.com
A261: 260 | B261: 17041001 | C261: 민대규 | D261: 프로덕트본부 | E261: Labs | F261: Guide Solution | G261: Lead | H261: 멤버 | I261: 42835 | J261: 42835 | K261: 정규직 | L261: 연구직 | M261: 퇴직 | N261: 820309-1019716 | O261: 30019 | P261: 남 | Q261: 44 | R261: 43 | S261: 010-5878-0309 | T261: 인천광역시 부평구 경원대로 1269, 104동 101호(산곡동, 현대아파트) | U261: dgmin@neurophet.com
A262: 261 | B262: 21060102 | C262: 김현수.. | D262: 연구본부 | E262: TechOps팀 | F262: 레이블링 | G262: Temporary | H262: 계약직 | I262: 44348 | J262: 44348 | K262: 계약직 | L262: 사무직 | M262: 퇴직 | N262: 991019-1235224 | O262: 36452 | P262: 남 | Q262: 27 | R262: 25 | S262: 010-8911-8732 | T262: 서울특별시 성동구 둘레19길 5 강변임광아파트 101동 907호 | U262: khs@neurophet.com
A263: 262 | B263: 20040101 | C263: 최성우 | D263: 비즈니스본부 | E263: 마케팅팀 | F263: 마케팅 | G263: Member | H263: 멤버 | I263: 43922 | J263: 43922 | K263: 정규직 | L263: 사무직 | M263: 퇴직 | N263: 920127-1114523 | O263: 33630 | P263: 남 | Q263: 34 | R263: 33 | S263: 010-3936-7552 | T263: 서울특별시 관악구 봉천로 588-13, 301호 | U263: sw.choi@neurophet.com
A264: 263 | B264: 21062101 | C264: 오윤주 | D264: 프로덕트본부 | E264: Medical Web Application팀 | F264: Front_End개발 | G264: Member | H264: 멤버 | I264: 44368 | J264: 44368 | K264: 정규직 | L264: 연구직 | M264: 퇴직 | N264: 901217-2059211 | O264: 33224 | P264: 여 | Q264: 36 | R264: 34 | S264: 010-7225-9988 | T264: 서울시 관악구 남부순환로247나길 6, 힐탑빌리지 201호 | U264: yjo@neurophet.com
A265: 264 | B265: 20121402 | C265: 박현진 | D265: 연구본부 | E265: TechOps팀 | F265: 레이블링 | G265: Temporary | H265: 계약직 | I265: 44179 | J265: 44179 | K265: 계약직 | L265: 사무직 | M265: 퇴직 | N265: 001213-3179812 | O265: 36873 | P265: 남 | Q265: 26 | R265: 24 | S265: 0 | T265: 서울시 송파구 백제고분로45길 13 | U265: 0
A266: 265 | B266: 20071302 | C266: 유민구 | D266: 비즈니스본부 | E266: 마케팅팀 | F266: 마케팅 | G266: Lead | H266: 멤버 | I266: 44025 | J266: 44025 | K266: 정규직 | L266: 사무직 | M266: 퇴직 | N266: 791114-1019711 | O266: 29173 | P266: 남 | Q266: 47 | R266: 45 | S266: 010-9249-3748 | T266: 경기도 과천시 부림4길 29-13 | U266: mgyu@neurophet.com
A267: 266 | B267: 21010401 | C267: 이도아 | D267: 비즈니스본부 | E267: 세일즈팀 | F267: 영업지원 | G267: Member | H267: 멤버 | I267: 44200 | J267: 44200 | K267: 정규직 | L267: 사무직 | M267: 퇴직 | N267: 840206-2067232 | O267: 30718 | P267: 여 | Q267: 42 | R267: 41 | S267: 010-8868-0206 | T267: 서울시 구로구 가마산로 268 대림역와이즈플레이스 1804호 | U267: doalee@neurophet.com
A268: 267 | B268: 20021901 | C268: 박상규 | D268: 비즈니스본부 | E268: 세일즈팀 | F268: 영업팀장 | G268: Lead | H268: 멤버 | I268: 43880 | J268: 43880 | K268: 정규직 | L268: 사무직 | M268: 퇴직 | N268: 740929-1683836 | O268: 27301 | P268: 남 | Q268: 52 | R268: 50 | S268: 010-3455-2187 | T268: 경기도 안양시 만안구 안양로 224-7, 501호 | U268: sangkyou@neurophet.com
A269: 268 | B269: 20071301 | C269: 김종랑 | D269: 비즈니스본부 | E269: 마케팅팀 | F269: BD | G269: Member | H269: 멤버 | I269: 44025 | J269: 44025 | K269: 정규직 | L269: 사무직 | M269: 퇴직 | N269: 831210-1058823 | O269: 30660 | P269: 남 | Q269: 43 | R269: 41 | S269: 010-4138-1061 | T269: 서울시 노원구 광운로2나길 30 동신아파트 6동 202호 | U269: jrkim@neurophet.com
A270: 269 | B270: 21041201 | C270: 임기은 | D270: 프로덕트본부 | E270: 기획팀 | F270: 기획 | G270: Intern | H270: 멤버 | I270: 44298 | J270: 44358 | K270: 계약직 | L270: 연구직 | M270: 퇴직 | N270: 930705-2041814 | O270: 34155 | P270: 여 | Q270: 33 | R270: 31 | S270: 010-3227-4382 | T270: 서울시 은평구 갈현로 35길 12, 301호 | U270: 0
A271: 270 | B271: 21010101 | C271: 김구헌 | D271: 경영본부 | E271: 대표이사 | F271: CFO | G271: C-Level | H271: 멤버 | I271: 44197 | J271: 44197 | K271: 정규직 | L271: 사무직 | M271: 퇴직 | N271: 720522-1822212 | O271: 26441 | P271: 남 | Q271: 54 | R271: 52 | S271: 010-6212-1170 | T271: 서울시 서초구 잠원로 37-48, 207동 802호(잠원동, 신반포4차아파트) | U271: ghkim@neurophet.com
A272: 271 | B272: 19061001 | C272: 박정훈 | D272: 프로덕트본부 | E272: Medical Web Application팀 | F272: Front_End | G272: Member | H272: 멤버 | I272: 43626 | J272: 43626 | K272: 정규직 | L272: 연구직 | M272: 퇴직 | N272: 950115-1216012 | O272: 34714 | P272: 남 | Q272: 31 | R272: 30 | S272: 010-8742-6881 | T272: 서울특별시 관악구 봉천동 1540-24 | U272: jhpark@neurophet.com
A273: 272 | B273: 20040103 | C273: 주정열 | D273: 프로덕트본부 | E273: Labs | F273: Guide Solution | G273: Member | H273: 멤버 | I273: 43922 | J273: 43922 | K273: 정규직 | L273: 연구직 | M273: 퇴직 | N273: 900829-1158024 | O273: 33114 | P273: 남 | Q273: 36 | R273: 34 | S273: 010-6667-2930 | T273: 경기도 용인시 기흥구 신갈로 124번길 23-5 행인오피스텔 310호 | U273: jyjoo@neurophet.com
A274: 273 | B274: 20040102 | C274: 정의준 | D274: 프로덕트본부 | E274: QA팀 | F274: QC | G274: Member | H274: 멤버 | I274: 43922 | J274: 43922 | K274: 정규직 | L274: 연구직 | M274: 퇴직 | N274: 840105-1065626 | O274: 30686 | P274: 남 | Q274: 42 | R274: 41 | S274: 010-4231-1523 | T274: 서울시 가마산로 97 구로현대@ 1107호 | U274: ej.jeong@neurophet.com
A275: 274 | B275: 20120701 | C275: 손석현 | D275: 연구본부 | E275: TechOps팀 | F275: 레이블링 | G275: Temporary | H275: 계약직 | I275: 44172 | J275: 44172 | K275: 계약직 | L275: 사무직 | M275: 퇴직 | N275: 970505-1178518 | O275: 35555 | P275: 남 | Q275: 29 | R275: 27 | S275: 010-7756-7650 | T275: 경기도 수원시 영통구 인계로 189번길 14 | U275: 0
A276: 275 | B276: 21010102 | C276: 정우진 | D276: 연구본부 | E276: TechOps팀 | F276: 레이블링 | G276: Temporary | H276: 계약직 | I276: 44197 | J276: 44197 | K276: 계약직 | L276: 사무직 | M276: 퇴직 | N276: 950522-1051813 | O276: 34841 | P276: 남 | Q276: 31 | R276: 29 | S276: 010-2050-4289 | T276: 0 | U276: 0
A277: 276 | B277: 20112301 | C277: 이은지 | D277: 연구본부 | E277: 임상연구팀 | F277: 임상연구지원 | G277: Temporary | H277: 계약직 | I277: 44158 | J277: 44158 | K277: 계약직 | L277: 사무직 | M277: 퇴직 | N277: 951010-21475415 | O277: 34982 | P277: 여 | Q277: 31 | R277: 29 | S277: 010-5405-0665 | T277: 경기도 안양시 만안구 박달로 198번길 28, 우성아파트 107동 801호 | U277: 0
A278: 277 | B278: 20090101 | C278: 이상우 | D278: 연구본부 | E278: 연구기획팀 | F278: 과제 등 | G278: Lead | H278: 멤버 | I278: 44075 | J278: 44075 | K278: 정규직 | L278: 연구직 | M278: 퇴직 | N278: 751230-1671318 | O278: 27758 | P278: 남 | Q278: 51 | R278: 49 | S278: 010-6267-1225 | T278: 서울특별시 강남구 논현로124길 8 두영아파트 503호 | U278: lsw@neurophet.com
A279: 278 | B279: 20110202 | C279: 조은경A | D279: 비즈니스본부 | E279: 세일즈팀 | F279: 0 | G279: Member | H279: 멤버 | I279: 44137 | J279: 44137 | K279: 정규직 | L279: 사무직 | M279: 퇴직 | N279: 800721-2065419 | O279: 29423 | P279: 여 | Q279: 46 | R279: 44 | S279: 010-2498-2721 | T279: 경기도 안양시 동안구 동안로 102번길 205동 1002호 | U279: helencho@neurophet.com
A280: 279 | B280: 19060101 | C280: 장원재 | D280: 비즈니스본부 | E280: 세일즈팀 | F280: 해외영업 | G280: Member | H280: 멤버 | I280: 43617 | J280: 43617 | K280: 정규직 | L280: 사무직 | M280: 퇴직 | N280: 880201-1031121 | O280: 32174 | P280: 남 | Q280: 38 | R280: 37 | S280: 010-2722-0276 | T280: 서울시 양천구 목동동로 250, 목동진도2차 201동 106호 | U280: wjchang@neurophet.com
A281: 280 | B281: 20090102 | C281: 안나영 | D281: 프로덕트본부 | E281: QA팀 | F281: QC | G281: Member | H281: 멤버 | I281: 44075 | J281: 44075 | K281: 정규직 | L281: 연구직 | M281: 퇴직 | N281: 961002-2012821 | O281: 35340 | P281: 여 | Q281: 30 | R281: 28 | S281: 010-2496-9846 | T281: 경기도 구리시 토평동 1002-4 203호 | U281: nayoung@neurophet.com
A282: 281 | B282: 20020103 | C282: 주서진 | D282: 프로덕트본부 | E282: 기획팀 | F282: BX디자인 | G282: Member | H282: 멤버 | I282: 43862 | J282: 43862 | K282: 정규직 | L282: 연구직 | M282: 퇴직 | N282: 930927-2225017 | O282: 34239 | P282: 여 | Q282: 33 | R282: 31 | S282: 010-7129-3575 | T282: 서울시 강서구 공항대로75길 30. 102동 703호(염창동, 삼정그린코아아파트) | U282: jooszin@neurophet.com
A283: 282 | B283: 20021702 | C283: 김예은 | D283: 연구본부 | E283: QA팀 | F283: 데이터검수 | G283: Temporary | H283: 계약직 | I283: 43878 | J283: 43878 | K283: 계약직 | L283: 사무직 | M283: 퇴직 | N283: 951222-2184716 | O283: 35055 | P283: 여 | Q283: 31 | R283: 29 | S283: 010-2883-3317 | T283: 서울시 마포구 대흥동 768-1 305호 | U283: 0
A284: 283 | B284: 17052901 | C284: 배정환 | D284: 프로덕트본부 | E284: Medical Web Application팀 | F284: M.W.A | G284: Member | H284: 멤버 | I284: 42884 | J284: 42884 | K284: 정규직 | L284: 연구직 | M284: 퇴직 | N284: 891114-1784039 | O284: 32826 | P284: 남 | Q284: 37 | R284: 35 | S284: 010-2585-7909 | T284: 서울특별시 관악구 관악로11길 27, 102호 | U284: jhbaessi@neurophet.com
A285: 284 | B285: 19070101 | C285: 김다혜 | D285: 비즈니스본부 | E285: 마케팅팀 | F285: 마케팅 | G285: Member | H285: 멤버 | I285: 43647 | J285: 43647 | K285: 정규직 | L285: 사무직 | M285: 퇴직 | N285: 890210-2162718 | O285: 32549 | P285: 여 | Q285: 37 | R285: 36 | S285: 010-7272-4345 | T285: 경기도 수원시 권선구 동수원로 145번길 23, 수원아이파크시티 407동 1401호 | U285: dhkim@neurophet.com
A286: 285 | B286: 20030105 | C286: 정지혜 | D286: 비즈니스본부 | E286: 브랜드커뮤니케이션 | F286: 마케팅 | G286: Member | H286: 멤버 | I286: 43891 | J286: 43891 | K286: 정규직 | L286: 사무직 | M286: 퇴직 | N286: 880118-2079428 | O286: 32160 | P286: 여 | Q286: 38 | R286: 37 | S286: 010-7262-0735 | T286: 서울시 광진구 동일로 178 캠퍼스시티 409호 | U286: jhjung@neurophet.com
A287: 286 | B287: 18121701 | C287: 이정아 | D287: 프로덕트본부 | E287: QA팀 | F287: QC | G287: Lead | H287: 멤버 | I287: 43451 | J287: 43451 | K287: 정규직 | L287: 연구직 | M287: 퇴직 | N287: 921202-2056531 | O287: 33940 | P287: 여 | Q287: 34 | R287: 32 | S287: 010-9907-0369 | T287: 서울시 동작구 국사봉길 73-8 202호 | U287: jellyja@neurophet.com
A288: 287 | B288: 19030102 | C288: 정민영 | D288: 프로덕트본부 | E288: AQUA | F288: Backend | G288: Lead | H288: 멤버 | I288: 43525 | J288: 43525 | K288: 정규직 | L288: 연구직 | M288: 퇴직 | N288: 840910-1029420 | O288: 30935 | P288: 남 | Q288: 42 | R288: 40 | S288: 010-8010-4790 | T288: 인천 부평구 십정동 409-23 DH씨밀레 1001호 | U288: minyoung.jung@neurophet.com
A289: 288 | B289: 19060102 | C289: 정신유 | D289: 연구본부 | E289: Neuroimaging팀 | F289: 신경망 | G289: Member | H289: 멤버 | I289: 43626 | J289: 43626 | K289: 정규직 | L289: 연구직 | M289: 퇴직 | N289: 910808-1069017 | O289: 33458 | P289: 남 | Q289: 35 | R289: 33 | S289: 010-9557-2963 | T289: 서울시 관악구 | U289: sinyu.jeong@neurophet.com
A290: 289 | B290: 19092301 | C290: 김한솔 | D290: 프로덕트본부 | E290: Infra Team | F290: Frontend | G290: Member | H290: 멤버 | I290: 43731 | J290: 43731 | K290: 정규직 | L290: 연구직 | M290: 퇴직 | N290: 931210-2409011 | O290: 34313 | P290: 여 | Q290: 33 | R290: 31 | S290: 010-2094-1210 | T290: 서울시 관악구 은천로 21-4 301호 | U290: hs.kim@neurophet.com
A291: 290 | B291: 19011401 | C291: 박기철 | D291: 연구본부 | E291: 연구상용화 | F291: C++ | G291: Member | H291: 멤버 | I291: 43479 | J291: 43479 | K291: 정규직 | L291: 연구직 | M291: 퇴직 | N291: 860420-1012214 | O291: 31522 | P291: 남 | Q291: 40 | R291: 38 | S291: 010-5284-1263 | T291: 인천광역시 부평구 부평동 | U291: mstst33@neurophet.com
A292: 291 | B292: 17090401 | C292: 정다운 | D292: 연구본부 | E292: Neuroimaging팀 | F292: 신경망 | G292: Member | H292: 멤버 | I292: 42982 | J292: 42982 | K292: 정규직 | L292: 연구직 | M292: 퇴직 | N292: 990923-1236511 | O292: 36426 | P292: 남 | Q292: 27 | R292: 25 | S292: 010-9083-1352 | T292: 0 | U292: djjung@neurophet.com
A293: 292 | B293: 19030101 | C293: 손성진 | D293: 연구본부 | E293: Neuroimaging팀 | F293: 신경망 | G293: Member | H293: 멤버 | I293: 43525 | J293: 43525 | K293: 정규직 | L293: 연구직 | M293: 퇴직 | N293: 881002-1157415 | O293: 32418 | P293: 남 | Q293: 38 | R293: 36 | S293: 010-5267-6853 | T293: 0 | U293: sjson@neurophet.com
A294: 293 | B294: 19020101 | C294: 김선직 | D294: 연구본부 | E294: Neuroimaging팀 | F294: 데이터 | G294: Member | H294: 멤버 | I294: 43497 | J294: 43497 | K294: 정규직 | L294: 연구직 | M294: 퇴직 | N294: 920604-1683215 | O294: 33759 | P294: 남 | Q294: 34 | R294: 32 | S294: 010-2065-8297 | T294: 0 | U294: beelinekim@neurophet.com
A295: 294 | B295: 17101701 | C295: 용정현 | D295: 연구본부 | E295: TechOps팀 | F295: 데이터검수 | G295: Member | H295: 멤버 | I295: 43040 | J295: 43040 | K295: 계약직 | L295: 연구직 | M295: 퇴직 | N295: 940721-1047112 | O295: 34536 | P295: 남 | Q295: 32 | R295: 30 | S295: 010-2274-5871 | T295: 서울특별시 강남구 삼성로69길 41, 102호 | U295: yong@neurophet.com
A296: 295 | B296: 19101701 | C296: 손석현 | D296: 연구본부 | E296: 임상연구팀 | F296: 임상시험 및 업무지원 | G296: Temporary | H296: 계약직 | I296: 43755 | J296: 43755 | K296: 계약직 | L296: 사무직 | M296: 퇴직 | N296: 970505-1178518 | O296: 35555 | P296: 남 | Q296: 29 | R296: 27 | S296: 010-7756-7650 | T296: 경기도 수원시 영통구 인계로 189번길 14 | U296: 0
A297: 296 | B297: 17060501 | C297: 김이진 | D297: 경영본부 | E297: 운영전략팀 | F297: 인사 | G297: Member | H297: 멤버 | I297: 42891 | J297: 42891 | K297: 정규직 | L297: 사무직 | M297: 퇴직 | N297: 910927-2148916 | O297: 33508 | P297: 여 | Q297: 35 | R297: 33 | S297: 010-2501-9829 | T297: 0 | U297: yijin.kim@neurophet.com
A298: 297 | B298: 19062400 | C298: 김현수.. | D298: 연구본부 | E298: 임상연구팀 | F298: 임상시험 및 업무지원 | G298: Temporary | H298: 계약직 | I298: 43640 | J298: 43640 | K298: 계약직 | L298: 사무직 | M298: 퇴직 | N298: 991019-1235224 | O298: 36452 | P298: 남 | Q298: 27 | R298: 25 | S298: 010-8911-8732 | T298: 서울특별시 성동구 둘레19길 5 강변임광아파트 101동 907호 | U298: khs@neurophet.com
A299: 298 | B299: 18090101 | C299: 노승택 | D299: 경영본부 | E299: 운영전략팀 | F299: 0 | G299: Lead | H299: 멤버 | I299: 43344 | J299: 43344 | K299: 정규직 | L299: 사무직 | M299: 퇴직 | N299: 760819-1029722 | O299: 27991 | P299: 남 | Q299: 50 | R299: 48 | S299: 0 | T299: 0 | U299: 0
A300: 299 | B300: 19021801 | C300: 문하영 | D300: 경영본부 | E300: 운영전략팀 | F300: Sales&Marketing | G300: Member | H300: 멤버 | I300: 43514 | J300: 43514 | K300: 정규직 | L300: 사무직 | M300: 퇴직 | N300: 710425-2691017 | O300: 26048 | P300: 여 | Q300: 55 | R300: 53 | S300: 0 | T300: 0 | U300: 0
A301: 300 | B301: 19031901 | C301: 정우진 | D301: 연구본부 | E301: 임상연구팀 | F301: 임상시험 및 업무지원 | G301: Temporary | H301: 계약직 | I301: 43543 | J301: 43543 | K301: 계약직 | L301: 사무직 | M301: 퇴직 | N301: 950522-1051813 | O301: 34841 | P301: 남 | Q301: 31 | R301: 29 | S301: 010-2050-4289 | T301: 0 | U301: 0
A302: 301 | B302: 18030101 | C302: 강성욱 | D302: 경영본부 | E302: 운영전략팀 | F302: CBO | G302: CBO | H302: C-LEVEL | I302: 43160 | J302: 43160 | K302: 정규직 | L302: 사무직 | M302: 퇴직 | N302: 840625-1009227 | O302: 30858 | P302: 남 | Q302: 42 | R302: 40 | S302: 0 | T302: 0 | U302: 0
A303: 302 | B303: 18031201 | C303: 고봉석 | D303: 연구본부 | E303: 연구개발팀 | F303: 엔진고도라 | G303: Member | H303: 멤버 | I303: 43171 | J303: 43171 | K303: 정규직 | L303: 사무직 | M303: 퇴직 | N303: 930705-1019014 | O303: 34155 | P303: 남 | Q303: 33 | R303: 31 | S303: 0 | T303: 0 | U303: 0
A304: 303 | B304: 18011101 | C304: 이준호 | D304: 연구본부 | E304: 신경망 | F304: 0 | G304: Member | H304: 멤버 | I304: 43111 | J304: 43111 | K304: 정규직 | L304: 연구직 | M304: 퇴직 | N304: 880104-1675519 | O304: 32146 | P304: 남 | Q304: 38 | R304: 37 | S304: 0 | T304: 0 | U304: 0
A305: 304 | B305: 17052901 | C305: 송성오 | D305: 연구본부 | E305: 0 | F305: sw개발지원 | G305: Member | H305: 멤버 | I305: 42884 | J305: 42884 | K305: 정규직 | L305: 연구직 | M305: 퇴직 | N305: 890116-1162818 | O305: 32524 | P305: 남 | Q305: 37 | R305: 36 | S305: 0 | T305: 0 | U305: 0
